date, pm25, pm10, o3, no2, so2, co
2021/5/1, 70, 15, 45, 6, 5, 1
2021/5/2, 47, 19, 48, 18, 6, 3
2021/5/3, 56, 21, 51, 19, 7, 3
2021/5/4, 59, 14, 47, 15, 6, 6
2021/5/5, 42, , , , , 
2021/4/1, 85, 42, 43, 26, 5, 
2021/4/2, 90, 28, 37, 25, 6, 
2021/4/3, 67, 30, 32, 14, 4, 
2021/4/4, 61, 14, 38, 16, 3, 
2021/4/5, 36, 22, 30, 27, 4, 
2021/4/6, 56, 21, 44, 25, 4, 
2021/4/7, 57, 20, 45, 30, 4, 
2021/4/8, 64, 15, 40, 19, 5, 
2021/4/9, 51, 11, 37, 18, 5, 
2021/4/10, 45, 15, 40, 16, 3, 2
2021/4/11, 51, 17, 36, 29, 3, 3
2021/4/12, 56, 16, 37, 27, 4, 3
2021/4/13, 48, 16, 36, 22, 3, 2
2021/4/14, 44, 18, 42, 27, 4, 2
2021/4/15, 57, 13, 35, 22, 1, 3
2021/4/16, 40, 20, 29, 29, 2, 3
2021/4/17, 41, 25, 36, 11, 3, 2
2021/4/18, 57, 26, 43, 30, 3, 3
2021/4/19, 63, 30, 59, 42, 3, 4
2021/4/20, 77, 34, 61, 42, 4, 3
2021/4/21, 86, 20, 42, 36, 5, 3
2021/4/22, 63, 25, 44, 27, 2, 2
2021/4/23, 62, 23, 41, 25, 3, 2
2021/4/24, 60, 20, 44, 12, 3, 6
2021/4/25, 57, 16, 42, 17, 4, 5
2021/4/26, 55, 15, 41, 28, 4, 5
2021/4/27, 49, 25, 27, 37, 5, 5
2021/4/28, 59, 13, 29, 24, 4, 2
2021/4/29, 25, 29, 51, 29, 7, 3
2021/4/30, 66, 30, 48, 22, 6, 2
2021/3/1, 58, 17, 31, 24, 4, 2
2021/3/2, 43, 17, 35, 20, 4, 1
2021/3/3, 45, 20, 30, 33, 5, 3
2021/3/4, 60, 14, 23, 18, 3, 1
2021/3/5, 47, 19, 37, 18, 3, 2
2021/3/6, 59, 15, 35, 9, 3, 2
2021/3/7, 48, 14, 32, 20, 4, 1
2021/3/8, 46, 19, 22, 37, 5, 3
2021/3/9, 62, 27, 39, 29, 5, 3
2021/3/10, 84, 21, 26, 40, 5, 3
2021/3/11, 68, 29, 31, 38, 5, 3
2021/3/12, 93, 13, 44, 17, 4, 1
2021/3/13, 48, 25, 40, 15, 4, 2
2021/3/14, 64, 42, 42, 39, 6, 4
2021/3/15, 95, 46, 29, 44, 7, 5
2021/3/16, 114, 34, 39, 20, 4, 2
2021/3/17, 69, 27, 34, 32, 4, 3
2021/3/18, 55, 20, 34, 28, 5, 3
2021/3/19, 48, 22, 37, 24, 3, 3
2021/3/20, 64, 21, 36, 17, 2, 3
2021/3/21, 48, 19, 33, 19, 3, 3
2021/3/22, 60, 22, 39, 29, 4, 3
2021/3/23, 63, 27, 37, 37, 5, 4
2021/3/24, 71, 29, 23, 46, 3, 4
2021/3/25, 69, 37, 44, 30, 4, 5
2021/3/26, 94, 35, 43, 29, 3, 4
2021/3/27, 82, 27, 37, 23, 3, 3
2021/3/28, 58, 47, 54, 37, 4, 1
2021/3/29, 93, 80, 48, 35, 4, 
2021/3/30, 150, 40, 42, 27, 7, 
2021/3/31, 85, 35, 47, 27, 6, 
2021/2/1, 78, 26, 30, 30, 4, 3
2021/2/2, 68, 19, 32, 24, 5, 2
2021/2/3, 62, 21, 29, 36, 4, 3
2021/2/4, 66, 22, 28, 44, 4, 4
2021/2/5, 66, 30, 25, 41, 3, 4
2021/2/6, 80, 41, 35, 27, 3, 4
2021/2/7, 101, 28, 27, 26, 4, 4
2021/2/8, 77, 10, 26, 25, 3, 2
2021/2/9, 49, 11, 27, 30, 5, 3
2021/2/10, 61, 25, 40, 24, 5, 4
2021/2/11, 88, 28, 29, 47, 6, 4
2021/2/12, 101, 30, 32, 38, 4, 4
2021/2/13, 61, 29, 30, 25, 4, 3
2021/2/14, 40, 16, 34, 22, 5, 2
2021/2/15, 25, 16, 32, 17, 4, 1
2021/2/16, 50, 14, 30, 17, 4, 2
2021/2/17, 48, 14, 25, 17, 4, 2
2021/2/18, 49, 15, 28, 33, 5, 3
2021/2/19, 46, 26, 38, 37, 6, 5
2021/2/20, 73, 39, 47, 39, 5, 6
2021/2/21, 96, 34, 34, 50, 6, 6
2021/2/22, 95, 22, 37, 15, 4, 2
2021/2/23, 66, 16, 32, 20, 3, 2
2021/2/24, 49, 18, 25, 38, 5, 3
2021/2/25, 62, 16, 32, 30, 4, 2
2021/2/26, 46, 18, 35, 16, 5, 2
2021/2/27, 51, 21, 33, 22, 4, 3
2021/2/28, 57, 22, 32, 33, 6, 2
2021/1/4, 41, 23, 10, 39, 2, 5
2021/1/5, 59, 16, 28, 25, 4, 2
2021/1/6, 47, 13, 27, 18, 3, 2
2021/1/7, 42, 13, 28, 18, 3, 1
2021/1/8, 41, 14, 28, 16, 3, 
2021/1/9, 42, 15, 27, 14, 3, 
2021/1/10, 50, 17, 23, 28, 4, 
2021/1/11, 53, 39, 6, 40, 6, 5
2021/1/12, 91, 35, 22, 41, 2, 7
2021/1/13, 86, 51, 14, 52, 7, 7
2021/1/14, 116, 51, 22, 49, 5, 4
2021/1/15, 119, 39, 24, 37, 5, 
2021/1/16, 99, 16, 30, 13, 3, 
2021/1/17, 46, 18, 27, 25, 3, 2
2021/1/18, 51, 19, 28, 19, 3, 2
2021/1/19, 56, 15, 26, 26, 4, 3
2021/1/20, 47, 27, 13, 46, 5, 5
2021/1/21, 83, 45, 6, 41, 5, 5
2021/1/22, 117, 26, 28, 24, 3, 3
2021/1/23, 82, 17, 26, 18, 3, 3
2021/1/24, 40, 18, 29, 30, 4, 4
2021/1/25, 55, 20, 26, 30, 4, 3
2021/1/26, 66, 17, 33, 23, 3, 3
2021/1/27, 53, 25, 32, 33, 4, 4
2021/1/28, 70, 16, 31, 16, 4, 2
2021/1/29, 44, 19, 30, 20, 3, 3
2021/1/30, 53, 26, 30, 18, 5, 3
2021/1/31, 68, 29, 21, 41, 4, 4
2020/10/1, 50, 18, 42, 30, 5, 2
2020/10/2, 58, 25, 44, 31, 7, 2
2020/10/3, 70, 25, 39, 18, 3, 2
2020/10/4, 63, 25, 31, 21, 5, 2
2020/10/5, 62, 16, 28, 19, 5, 2
2020/10/6, 46, 19, 34, 20, 5, 2
2020/10/7, 57, 15, 32, 22, 3, 2
2020/10/8, 36, 11, 33, 17, 2, 1
2020/10/9, 24, 12, 29, 12, 5, 1
2020/10/10, 34, 19, 35, 16, 5, 2
2020/10/11, 52, 18, 35, 27, 5, 2
2020/10/12, 57, 15, 34, 20, 5, 1
2020/10/13, 56, 16, 34, 23, 5, 2
2020/10/14, 53, 12, 33, 19, 6, 1
2020/10/15, 38, 11, 33, 20, 5, 2
2020/10/16, 35, 13, 30, 20, 3, 2
2020/10/17, 49, 20, 31, 13, 4, 3
2020/10/18, 65, 24, 16, 28, 5, 4
2020/10/19, 77, 26, 38, 21, 5, 3
2020/10/20, 80, 20, 34, 18, 6, 2
2020/10/21, 62, 17, 30, 20, 7, 2
2020/10/22, 43, 20, 30, 20, 4, 1
2020/10/23, 41, 20, 36, 16, 4, 2
2020/10/24, 52, 20, 43, 22, 5, 2
2020/10/25, 56, 22, 27, 34, 6, 3
2020/10/26, 64, 18, 37, 35, 5, 2
2020/10/27, 60, 26, 30, 38, 6, 4
2020/10/28, 68, 31, 37, 29, 6, 3
2020/10/29, 76, 17, 29, 22, 5, 2
2020/10/30, 52, 18, 32, 24, 5, 4
2020/10/31, 60, 20, 32, 19, 5, 3
2020/11/1, 63, 26, 18, 33, 4, 4
2020/11/2, 67, 19, 33, 14, 5, 3
2020/11/3, 51, 15, 29, 22, 4, 2
2020/11/4, 47, 23, 24, 37, 6, 7
2020/11/5, 67, 27, 27, 41, 6, 4
2020/11/6, 77, 37, 14, 33, 5, 4
2020/11/7, 96, 30, 37, 16, 6, 4
2020/11/8, 68, 16, 25, 18, 4, 2
2020/11/9, 47, 16, 24, 25, 5, 3
2020/11/10, 49, 13, 25, 26, 5, 3
2020/11/11, 46, 19, 21, 35, 5, 3
2020/11/12, 64, 35, 13, 40, 5, 3
2020/11/13, 96, 29, 26, 25, 4, 3
2020/11/14, 76, 22, 19, 24, 4, 4
2020/11/15, 68, 30, 29, 39, 8, 5
2020/11/16, 89, 33, 37, 43, 6, 4
2020/11/17, 94, 35, 45, 44, 7, 5
2020/11/18, 100, 32, 30, 37, 8, 4
2020/11/19, 89, 24, 32, 29, 5, 3
2020/11/20, 68, 15, 30, 15, 5, 3
2020/11/21, 44, 15, 19, 17, 5, 3
2020/11/22, 43, 18, 26, 14, 3, 1
2020/11/23, 45, 16, 25, 28, 4, 3
2020/11/24, 50, 21, 9, 35, 5, 5
2020/11/25, 56, 29, 20, 34, 5, 4
2020/11/26, 78, 20, 28, 31, 3, 3
2020/11/27, 61, 15, 27, 14, 3, 3
2020/11/28, 45, 16, 22, 18, 3, 3
2020/11/29, 45, 20, 23, 30, 3, 3
2020/11/30, 56, 15, 26, 32, 6, 4
2020/12/1, 59, 9, 18, 35, 5, 5
2020/12/2, 64, 11, 30, 30, 5, 4
2020/12/3, 57, 7, 28, 24, 4, 3
2020/12/4, 44, 17, 26, 29, 4, 4
2020/12/5, 60, 22, 29, 28, 4, 5
2020/12/6, 67, 27, 15, 40, 5, 4
2020/12/7, 80, 29, 28, 33, 4, 4
2020/12/8, 76, 25, 21, 41, 7, 4
2020/12/9, 71, 33, 17, 40, 5, 5
2020/12/10, 89, 35, 23, 41, 6, 5
2020/12/11, 92, 29, 31, 30, 6, 5
2020/12/12, 80, 22, 32, 20, 3, 4
2020/12/13, 66, 16, 29, 21, 5, 4
2020/12/14, 48, 9, 26, 18, 3, 2
2020/12/15, 36, 11, 27, 17, 3, 2
2020/12/16, 40, 12, 22, 25, 3, 3
2020/12/17, 38, 16, 20, 31, 5, 3
2020/12/18, 47, 17, 26, 21, 3, 3
2020/12/19, 48, 10, 26, 18, 3, 2
2020/12/20, 32, 15, 29, 35, 4, 4
2020/12/21, 53, 30, 23, 41, 4, 5
2020/12/22, 81, 34, 24, 43, 5, 5
2020/12/23, 88, 52, 7, 45, 5, 7
2020/12/24, 127, 31, 28, 26, 5, 4
2020/12/25, 81, 19, 23, 25, 4, 3
2020/12/26, 55, 29, 24, 29, 5, 4
2020/12/27, 78, 31, 15, 33, 5, 4
2020/12/28, 68, 39, 18, 35, 4, 7
2020/12/29, 88, 18, 29, 16, 4, 2
2020/12/30, 55, 9, 28, 7, 3, 1
2020/12/31, 34, 13, 29, 7, 4, 2
2021/1/1, 41, 17, 29, 13, 4, 3
2021/1/2, 53, 20, 31, 12, 4, 3
2021/1/3, 57, 14, 25, 26, 3, 2
2020/7/1, 69, 15, 42, 26, 6, 2
2020/7/2, 46, 19, 31, 21, 5, 2
2020/7/3, 45, 24, 25, 22, 5, 2
2020/7/4, 53, 26, 42, 16, 8, 2
2020/7/5, 66, 20, 12, 13, 3, 1
2020/7/6, 47, 26, 22, 20, 5, 2
2020/7/7, 63, 21, 54, 33, 6, 2
2020/7/8, 53, 21, 25, 31, 7, 1
2020/7/9, 53, 23, 20, 22, 5, 2
2020/7/10, 58, 33, 22, 11, 4, 2
2020/7/11, 69, 16, 36, 11, 4, 1
2020/7/12, 42, 19, 21, 23, 4, 3
2020/7/13, 53, 27, 31, 22, 5, 2
2020/7/14, 55, 16, 26, 24, 6, 3
2020/7/15, 49, 16, 44, 26, 7, 3
2020/7/16, 46, 18, 32, 20, 5, 2
2020/7/17, 61, 17, 41, 22, 7, 2
2020/7/18, 49, 27, 52, 18, 11, 2
2020/7/19, 67, 41, 48, 31, 14, 3
2020/7/20, 95, 29, 31, 18, 10, 2
2020/7/21, 80, 20, 45, 16, 6, 2
2020/7/22, 43, 14, 30, 13, 4, 2
2020/7/23, 43, 15, 18, 11, 3, 2
2020/7/24, 37, 13, 21, 14, 3, 2
2020/7/25, 33, 13, 19, 14, 3, 2
2020/7/26, 31, 17, 16, 22, 5, 2
2020/7/27, 31, 25, 13, 18, 8, 2
2020/7/28, 40, 27, 33, 27, 8, 3
2020/7/29, 42, 26, 35, 29, 8, 2
2020/7/30, 33, 29, 43, 32, 8, 2
2020/7/31, 51, 24, 71, 30, 14, 2
2020/8/1, 47, 35, 62, 17, 15, 3
2020/8/2, 67, 36, 28, 27, 9, 3
2020/8/3, 82, 47, 40, 32, 17, 2
2020/8/4, 107, 62, 58, 32, 11, 2
2020/8/5, 142, 47, 22, 25, 12, 1
2020/8/6, 108, 46, 70, 24, 15, 1
2020/8/7, 102, 59, 40, 13, 13, 2
2020/8/8, 119, 32, 33, 9, 10, 2
2020/8/9, 67, 22, 12, 10, 15, 6
2020/8/10, 36, 29, 29, 14, 14, 1
2020/8/11, 51, 27, 36, 10, 8, 1
2020/8/12, 59, 34, 45, 10, 11, 1
2020/8/13, 62, 37, 52, 9, 14, 1
2020/8/14, 69, 33, 58, 10, 18, 1
2020/8/15, 71, 36, 86, 6, 22, 2
2020/8/16, 77, 40, 80, 23, 21, 1
2020/8/17, 80, 28, 42, 18, 12, 1
2020/8/18, 68, 33, 67, 27, 14, 2
2020/8/19, 72, 44, 61, 31, 14, 2
2020/8/20, 83, 46, 99, 30, 14, 3
2020/8/21, 85, 39, 61, 16, 11, 1
2020/8/22, 85, 28, 54, 14, 9, 1
2020/8/23, 69, 38, 45, 24, 5, 2
2020/8/24, 80, 33, 40, 18, 11, 2
2020/8/25, 78, 24, 48, 21, 10, 1
2020/8/26, 60, 31, 33, 24, 10, 2
2020/8/27, 67, 25, 40, 21, 11, 2
2020/8/28, 52, 29, 39, 17, 15, 2
2020/8/29, 59, 37, 60, 13, 18, 2
2020/8/30, 72, 23, 51, 24, 14, 1
2020/8/31, 63, 25, 48, 21, 11, 1
2020/9/1, 68, 20, 25, 16, 10, 1
2020/9/2, 45, 23, 21, 18, 10, 2
2020/9/3, 48, 28, 40, 22, 11, 2
2020/9/4, 65, 26, 47, 17, 14, 1
2020/9/5, 60, 18, 28, 8, 10, 1
2020/9/6, 43, 19, 20, 14, 10, 
2020/9/7, 48, , , , , 
2020/9/13, 33, 7, 27, 10, 7, 2
2020/9/14, 22, 7, 60, 9, 12, 2
2020/9/15, 24, 10, 49, 10, 14, 2
2020/9/16, 35, 10, 26, 11, 16, 2
2020/9/17, 32, 14, 39, 6, 9, 3
2020/9/18, 31, 8, 48, 5, 10, 2
2020/9/19, 31, 19, 52, 13, 8, 2
2020/9/20, 53, 16, 42, 8, 5, 1
2020/9/21, 54, 16, 43, 8, 4, 1
2020/9/22, 52, 21, 39, 16, 7, 2
2020/9/23, 63, 28, 37, 34, 6, 3
2020/9/24, 72, 19, 21, 24, 4, 2
2020/9/25, 46, 15, 24, 25, 7, 3
2020/9/26, 43, 13, 32, 9, 5, 1
2020/9/27, 38, 14, 30, 19, 5, 1
2020/9/28, 46, 17, 37, 21, 9, 2
2020/9/29, 50, 17, 31, 24, 6, 1
2020/9/30, 59, 16, 34, 19, 6, 1
2020/4/1, 32, 17, 37, 22, 4, 2
2020/4/2, 53, 24, 27, 42, 6, 3
2020/4/3, 70, 30, 51, 31, 6, 3
2020/4/4, 79, 13, 36, 7, 5, 2
2020/4/5, 46, 18, 37, 28, 4, 2
2020/4/6, 56, 21, 47, 35, 5, 3
2020/4/7, 68, 35, 61, 43, 5, 3
2020/4/8, 93, 19, 49, 27, 6, 2
2020/4/9, 61, 14, 41, 17, 5, 1
2020/4/10, 49, 16, 38, 22, 4, 2
2020/4/11, 53, 14, 35, 9, 4, 2
2020/4/12, 51, 12, 38, 23, 4, 3
2020/4/13, 39, 17, 38, 19, 4, 2
2020/4/14, 54, 23, 35, 42, 7, 3
2020/4/15, 70, 29, 51, 32, 6, 3
2020/4/16, 78, 24, 46, 29, 5, 3
2020/4/17, 73, 24, 45, 22, 3, 2
2020/4/18, 66, 10, 44, 12, 4, 2
2020/4/19, 39, 15, 38, 33, 5, 2
2020/4/20, 54, 21, 44, 36, 6, 4
2020/4/21, 64, 16, 36, 18, 4, 2
2020/4/22, 51, 19, 35, 21, 5, 1
2020/4/23, 53, 20, 41, 25, 3, 1
2020/4/24, 59, 21, 46, 24, 5, 2
2020/4/25, 65, 30, 72, 19, 6, 5
2020/4/26, 77, 23, 51, 25, 4, 2
2020/4/27, 65, 18, 48, 23, 4, 2
2020/4/28, 59, 21, 61, 23, 5, 2
2020/4/29, 72, 30, 46, 31, 8, 3
2020/4/30, 87, 33, 43, 21, 6, 2
2020/5/1, 102, 47, 51, 21, 13, 2
2020/5/2, 131, 34, 39, 14, 5, 1
2020/5/3, 109, 13, 35, 14, 4, 1
2020/5/4, 46, 16, 45, 16, 6, 1
2020/5/5, 54, 17, 38, 13, 5, 1
2020/5/6, 53, 11, 40, 16, 4, 1
2020/5/7, 43, 17, 42, 24, 5, 2
2020/5/8, 55, 19, 38, 25, 5, 3
2020/5/9, 59, 20, 22, 14, 5, 2
2020/5/10, 55, 23, 41, 33, 7, 3
2020/5/11, 69, 27, 53, 35, 8, 2
2020/5/12, 78, 32, 49, 30, 8, 2
2020/5/13, 83, 20, 58, 40, 8, 2
2020/5/14, 60, 23, 36, 37, 7, 3
2020/5/15, 72, 16, 31, 22, 3, 2
2020/5/16, 45, 25, 44, 20, 6, 3
2020/5/17, 66, 21, 30, 29, 5, 2
2020/5/18, 62, 19, 46, 31, 5, 2
2020/5/19, 50, 19, 41, 26, 5, 4
2020/5/20, 53, 12, 29, 25, 5, 1
2020/5/21, 40, 16, 31, 24, 5, 1
2020/5/22, 50, 16, 48, 22, 7, 1
2020/5/23, 51, 18, 43, 14, 5, 2
2020/5/24, 55, 16, 41, 29, 6, 1
2020/5/25, 48, 23, 34, 32, 4, 2
2020/5/26, 70, 24, 47, 29, 3, 2
2020/5/27, 68, 18, 48, 28, 5, 1
2020/5/28, 58, 16, 69, 34, 5, 1
2020/5/29, 55, 19, 47, 24, 3, 4
2020/5/30, 92, 16, 36, 8, 2, 1
2020/5/31, 57, 11, 37, 17, 4, 2
2020/6/1, 44, 21, 68, 30, 5, 3
2020/6/2, 67, 33, 56, 43, 5, 3
2020/6/3, 95, 50, 93, 38, 10, 3
2020/6/4, 138, 36, 68, 34, 6, 3
2020/6/5, 114, 34, 59, 19, 6, 2
2020/6/6, 84, 9, 38, 9, 3, 1
2020/6/7, 43, 17, 54, 28, 6, 1
2020/6/8, 59, 24, 49, 30, 8, 2
2020/6/9, 75, 17, 38, 27, 6, 2
2020/6/10, 60, 22, 14, 16, 5, 1
2020/6/11, 56, 19, 24, 23, 3, 3
2020/6/12, 69, 32, 13, 20, 4, 2
2020/6/13, 70, 34, 15, 12, 3, 2
2020/6/14, 77, 23, 50, 33, 5, 2
2020/6/15, 66, 29, 66, 32, 6, 2
2020/6/16, 80, 16, 53, 28, 6, 1
2020/6/17, 71, 24, 45, 30, 5, 2
2020/6/18, 66, 13, 42, 30, 4, 3
2020/6/19, 38, 20, 37, 17, 5, 2
2020/6/20, 57, 18, 40, 14, 5, 1
2020/6/21, 52, 17, 42, 17, 6, 2
2020/6/22, 52, 21, 65, 34, 7, 2
2020/6/23, 62, 24, 57, 32, 5, 2
2020/6/24, 65, 15, 29, 23, 5, 2
2020/6/25, 41, 35, 27, 22, 6, 2
2020/6/26, 73, 30, 52, 27, 5, 3
2020/6/27, 76, 19, 41, 15, 4, 1
2020/6/28, 52, 19, 60, 33, 7, 1
2020/6/29, 58, 27, 32, 21, 5, 2
2020/6/30, 69, 27, 44, 26, 6, 1
2020/1/1, 42, 19, 29, 18, 5, 3
2020/1/2, 60, 29, 34, 22, 5, 4
2020/1/3, 78, 25, 35, 20, 5, 3
2020/1/4, 69, 13, 32, 10, 4, 2
2020/1/5, 42, 15, 22, 33, 6, 4
2020/1/6, 52, 19, 10, 33, 3, 5
2020/1/7, 59, 29, 29, 24, 4, 4
2020/1/8, 56, 13, 35, 28, 3, 3
2020/1/9, 41, 16, 30, 25, 3, 3
2020/1/10, 52, 22, 21, 32, 6, 4
2020/1/11, 65, 32, 22, 23, 5, 3
2020/1/12, 65, 16, 33, 14, 5, 1
2020/1/13, 42, 21, 28, 36, 4, 4
2020/1/14, 64, 21, 27, 28, 4, 3
2020/1/15, 50, 21, 14, 38, 5, 4
2020/1/16, 43, 24, 18, 35, 4, 3
2020/1/17, 53, 15, 35, 21, 3, 
2020/1/18, 29, 16, 29, 26, 2, 
2020/1/19, 28, 28, 33, 32, 7, 3
2020/1/20, 63, 22, 32, 25, 4, 5
2020/1/21, 54, 27, 16, 41, 6, 5
2020/1/22, 78, 37, 14, 39, 5, 5
2020/1/23, 95, 45, 34, 35, 4, 5
2020/1/24, 96, 18, 32, 19, 4, 2
2020/1/25, 45, 12, 30, 16, 4, 3
2020/1/26, 41, 11, 28, 17, 3, 3
2020/1/27, 32, 13, 28, 20, 5, 3
2020/1/28, 41, 18, 28, 29, 4, 3
2020/1/29, 51, 11, 29, 28, 5, 2
2020/1/30, 39, 10, 31, 20, 3, 2
2020/1/31, 31, 13, 32, 22, 4, 2
2020/2/1, 45, 23, 33, 32, 5, 3
2020/2/2, 69, 33, 28, 28, 4, 4
2020/2/3, 92, 8, 25, 17, 3, 3
2020/2/4, 46, 13, 26, 17, 4, 3
2020/2/5, 53, 4, 22, 4, 2, 1
2020/2/6, 20, 6, 16, 26, 3, 3
2020/2/7, 37, 16, 22, 24, 4, 4
2020/2/8, 58, 6, 30, 8, 4, 1
2020/2/9, 28, 20, 33, 31, 5, 3
2020/2/10, 61, 17, 33, 23, 4, 2
2020/2/11, 57, 27, 19, 42, 6, 3
2020/2/12, 77, 40, 26, 39, 9, 4
2020/2/13, 90, 41, 9, 50, 7, 6
2020/2/14, 111, 37, 17, 42, 5, 5
2020/2/15, 97, 36, 28, 26, 4, 3
2020/2/16, 81, 15, 33, 20, 6, 2
2020/2/17, 45, 14, 30, 25, 5, 3
2020/2/18, 47, 18, 26, 41, 6, 3
2020/2/19, 59, 30, 29, 43, 8, 3
2020/2/20, 82, 21, 32, 45, 6, 3
2020/2/21, 66, 36, 26, 51, 7, 3
2020/2/22, 86, 29, 34, 16, 7, 3
2020/2/23, 68, 23, 31, 38, 7, 3
2020/2/24, 65, 31, 10, 65, 7, 4
2020/2/25, 81, 24, 34, 27, 5, 2
2020/2/26, 69, 12, 31, 20, 4, 2
2020/2/27, 39, 12, 28, 33, 5, 2
2020/2/28, 42, 20, 20, 34, 5, 2
2020/2/29, 61, 20, 32, 21, 5, 2
2020/3/1, 65, 21, 38, 29, 7, 3
2020/3/2, 59, 13, 32, 19, 3, 2
2020/3/3, 39, 25, 22, 50, 5, 3
2020/3/4, 71, 19, 38, 21, 4, 3
2020/3/5, 62, 19, 34, 29, 5, 3
2020/3/6, 63, 18, 37, 26, 3, 3
2020/3/7, 61, 14, 35, 14, 4, 2
2020/3/8, 46, 30, 33, 60, 7, 4
2020/3/9, 81, 30, 24, 51, 6, 2
2020/3/10, 76, 14, 37, 27, 6, 2
2020/3/11, 49, 19, 33, 34, 5, 3
2020/3/12, 61, 27, 37, 49, 12, 4
2020/3/13, 77, 25, 34, 29, 6, 3
2020/3/14, 69, 17, 38, 16, 4, 2
2020/3/15, 47, 14, 32, 20, 3, 2
2020/3/16, 45, 22, 37, 36, 5, 3
2020/3/17, 59, 32, 44, 49, 7, 4
2020/3/18, 80, 37, 43, 47, 8, 4
2020/3/19, 90, 19, 37, 22, 4, 2
2020/3/20, 53, 23, 41, 37, 5, 4
2020/3/21, 63, 24, 46, 20, 6, 4
2020/3/22, 68, 15, 41, 15, 4, 2
2020/3/23, 59, 19, 39, 19, 5, 2
2020/3/24, 64, 20, 34, 37, 8, 3
2020/3/25, 62, 31, 39, 48, 11, 4
2020/3/26, 93, 54, 24, 48, 7, 5
2020/3/27, 130, 19, 33, 19, 6, 2
2020/3/28, 47, 12, 35, 8, 7, 
2020/3/29, 45, , , , , 
2019/10/1, 72, 24, 29, 29, 14, 2
2019/10/2, 67, 21, 32, 27, 6, 2
2019/10/3, 65, 16, 40, 20, 6, 2
2019/10/4, 46, 21, 40, 19, 7, 2
2019/10/5, 58, 16, 29, 7, 4, 1
2019/10/6, 46, 16, 37, 21, 4, 1
2019/10/7, 48, 17, 28, 23, 6, 3
2019/10/8, 46, 14, 39, 18, 7, 1
2019/10/9, 47, 19, 39, 21, 7, 2
2019/10/10, 56, 20, 32, 20, 9, 3
2019/10/11, 58, 12, 32, 9, 4, 2
2019/10/12, 31, 15, 31, 7, 6, 1
2019/10/13, 38, 22, 23, 13, 6, 1
2019/10/14, 58, 16, 32, 21, 4, 2
2019/10/15, 48, 15, 33, 23, 8, 1
2019/10/16, 49, 18, 30, 27, 7, 3
2019/10/17, 53, 15, 33, 19, 5, 3
2019/10/18, 46, 12, 28, 21, 9, 3
2019/10/19, 32, 11, 35, 11, 8, 2
2019/10/20, 37, 16, 27, 24, 7, 3
2019/10/21, 46, 14, 33, 17, 8, 3
2019/10/22, 41, 18, 37, 30, 5, 4
2019/10/23, 51, 17, 28, 28, 5, 3
2019/10/24, 47, 13, 29, 31, 5, 4
2019/10/25, 43, 21, 21, 34, 10, 4
2019/10/26, 53, 24, 42, 20, 7, 4
2019/10/27, 68, 19, 41, 42, 13, 3
2019/10/28, 58, 26, 17, 42, 6, 4
2019/10/29, 73, 50, 45, 43, 6, 4
2019/10/30, 99, 50, 41, 46, 11, 4
2019/10/31, 111, 45, 40, 42, 11, 4
2019/11/1, 101, 22, 37, 34, 6, 3
2019/11/2, 60, 28, 33, 27, 9, 3
2019/11/3, 73, 14, 33, 14, 6, 1
2019/11/4, 45, 13, 32, 34, 8, 2
2019/11/5, 46, 19, 28, 53, 7, 4
2019/11/6, 63, 28, 32, 45, 12, 4
2019/11/7, 99, 18, 34, 24, 6, 2
2019/11/8, 55, 17, 30, 40, 8, 4
2019/11/9, 54, 14, 33, 22, 7, 3
2019/11/10, 46, 24, 40, 44, 5, 4
2019/11/11, 64, 20, 36, 44, 8, 4
2019/11/12, 61, 23, 34, 60, 8, 3
2019/11/13, 66, 22, 32, 25, 5, 2
2019/11/14, 60, 17, 28, 54, 6, 3
2019/11/15, 50, 32, 31, 65, 6, 6
2019/11/16, 77, 32, 41, 50, 7, 6
2019/11/17, 78, 32, 33, 59, 9, 5
2019/11/18, 72, 21, 29, 28, 6, 2
2019/11/19, 53, 14, 28, 35, 4, 2
2019/11/20, 43, 15, 25, 64, 6, 2
2019/11/21, 46, 21, 16, 63, 4, 4
2019/11/22, 62, 24, 30, 32, 9, 5
2019/11/23, 76, 38, 23, 32, 8, 5
2019/11/24, 104, 34, 28, 29, 9, 4
2019/11/25, 82, 14, 30, 21, 6, 2
2019/11/26, 40, 22, 26, 26, 6, 3
2019/11/27, 52, 13, 27, 22, 5, 2
2019/11/28, 37, 15, 27, 32, 6, 4
2019/11/29, 37, 13, 32, 22, 4, 2
2019/11/30, 29, 23, 23, 29, 8, 5
2019/12/1, 57, 24, 22, 31, 7, 5
2019/12/2, 42, 16, 30, 23, 4, 3
2019/12/3, 35, 13, 27, 28, 7, 3
2019/12/4, 37, 14, 26, 30, 7, 4
2019/12/5, 35, 9, 28, 23, 4, 3
2019/12/6, 18, 14, 20, 31, 6, 4
2019/12/7, 36, 21, 28, 21, 6, 5
2019/12/8, 52, 22, 19, 33, 7, 6
2019/12/9, 60, 43, 16, 49, 10, 6
2019/12/10, 110, 57, 7, 54, 9, 8
2019/12/11, 141, 35, 23, 32, 7, 4
2019/12/12, 91, 16, 25, 36, 5, 4
2019/12/13, 51, 26, 25, 30, 6, 5
2019/12/14, 68, 18, 29, 13, 4, 3
2019/12/15, 57, 23, 15, 41, 7, 6
2019/12/16, 71, 48, 4, 45, 9, 7
2019/12/17, 117, 43, 25, 32, 8, 7
2019/12/18, 102, 33, 14, 42, 7, 7
2019/12/19, 84, 21, 25, 31, 5, 4
2019/12/20, 60, 28, 23, 35, 5, 5
2019/12/21, 76, 23, 29, 25, 5, 5
2019/12/22, 63, 30, 25, 38, 8, 5
2019/12/23, 74, 19, 28, 32, 6, 4
2019/12/24, 55, 22, 23, 43, 8, 5
2019/12/25, 70, 40, 9, 40, 7, 6
2019/12/26, 104, 20, 30, 21, 4, 3
2019/12/27, 53, 14, 28, 23, 5, 2
2019/12/28, 49, 19, 26, 27, 6, 3
2019/12/29, 61, , , , , 
2019/7/1, 53, 32, 48, 37, 9, 4
2019/7/2, 77, 48, 37, 41, 4, 5
2019/7/3, 104, 26, 46, 31, 8, 3
2019/7/4, 60, 23, 45, 20, 3, 2
2019/7/5, 66, 11, 51, 14, 7, 2
2019/7/6, 36, 19, 47, 13, 7, 1
2019/7/7, 59, 24, 54, 25, 6, 3
2019/7/8, 67, 18, 33, 21, 7, 2
2019/7/9, 41, 23, 37, 25, 12, 2
2019/7/10, 61, 15, 26, 20, 7, 2
2019/7/11, 38, 17, 51, 29, 6, 2
2019/7/12, 47, 20, 40, 24, 5, 3
2019/7/13, 46, 18, 39, 19, 6, 3
2019/7/14, 30, 15, 35, 14, 6, 2
2019/7/15, 41, 22, 58, 27, 9, 2
2019/7/16, 89, 23, 36, 26, 12, 2
2019/7/17, 53, 24, 21, 23, 10, 2
2019/7/18, 53, 17, 18, 24, 9, 3
2019/7/19, 41, 24, 28, 23, 7, 3
2019/7/20, 60, 24, 15, 12, 10, 3
2019/7/21, 57, 23, 48, 16, 13, 2
2019/7/22, 49, 31, 49, 25, 11, 2
2019/7/23, 65, 35, 56, 31, 14, 3
2019/7/24, 77, 40, 54, 29, 20, 3
2019/7/25, 83, 27, 35, 23, 14, 2
2019/7/26, 60, 24, 33, 17, 7, 3
2019/7/27, 53, 40, 37, 15, 14, 2
2019/7/28, 86, 35, 50, 22, 20, 2
2019/7/29, 74, 34, 78, 22, 8, 1
2019/7/30, 71, 38, 61, 21, 13, 1
2019/7/31, 76, 41, 66, 32, 21, 3
2019/8/1, 88, 56, 116, 35, 24, 3
2019/8/2, 118, 33, 50, 17, 17, 2
2019/8/3, 70, 23, 49, 14, 16, 2
2019/8/4, 58, 16, 17, 11, 13, 2
2019/8/5, 39, 22, 18, 15, 9, 2
2019/8/6, 47, 23, 22, 15, 5, 2
2019/8/7, 53, 25, 27, 16, 7, 2
2019/8/8, 36, 25, 33, 17, 8, 2
2019/8/9, 46, 26, 69, 17, 7, 2
2019/8/10, 52, 26, 47, 11, 18, 1
2019/8/11, 53, 18, 14, 6, 17, 
2019/8/12, 40, 20, 16, 5, 14, 
2019/8/13, 41, 23, 15, 4, 12, 
2019/8/14, 46, 22, 18, 6, 9, 1
2019/8/15, 37, 39, 39, 17, 12, 3
2019/8/16, 57, 40, 50, 19, 16, 3
2019/8/17, 78, 48, 73, 24, 21, 3
2019/8/18, 88, 46, 46, 27, 14, 4
2019/8/19, 100, 27, 24, 23, 12, 2
2019/8/20, 56, 33, 25, 19, 12, 2
2019/8/21, 62, 27, 23, 18, 9, 2
2019/8/22, 61, 25, 25, 18, 9, 3
2019/8/23, 60, 26, 48, 23, 7, 3
2019/8/24, 65, 30, 71, 17, 10, 4
2019/8/25, 77, 24, 67, 29, 15, 3
2019/8/26, 65, 24, 33, 28, 13, 4
2019/8/27, 55, 27, 8, 13, 10, 1
2019/8/28, 56, 35, 17, 16, 14, 2
2019/8/29, 72, 20, 24, 12, 5, 2
2019/8/30, 50, 30, 47, 19, 6, 4
2019/8/31, 73, 45, 68, 13, 18, 5
2019/9/1, 101, 35, 31, 18, 11, 3
2019/9/2, 85, 18, 23, 13, 20, 2
2019/9/3, 48, 16, 34, 20, 16, 2
2019/9/4, 39, 15, 28, 22, 13, 2
2019/9/5, 37, 12, 23, 16, 13, 1
2019/9/6, 39, 11, 17, 10, 13, 2
2019/9/7, 31, 18, 23, 10, 17, 2
2019/9/8, 42, 27, 36, 23, 8, 2
2019/9/9, 61, 27, 36, 28, 8, 3
2019/9/10, 61, 31, 35, 28, 9, 3
2019/9/11, 63, 14, 37, 18, 8, 2
2019/9/12, 36, 15, 31, 22, 6, 2
2019/9/13, 46, 16, 42, 15, 10, 2
2019/9/14, 49, 19, 40, 10, 10, 2
2019/9/15, 53, 17, 34, 11, 8, 1
2019/9/16, 52, 15, 33, 20, 5, 1
2019/9/17, 45, 15, 40, 19, 10, 1
2019/9/18, 43, 15, 32, 17, 7, 2
2019/9/19, 43, 18, 44, 31, 6, 2
2019/9/20, 52, 17, 33, 22, 4, 2
2019/9/21, 53, 16, 31, 9, 10, 1
2019/9/22, 45, 14, 33, 12, 9, 4
2019/9/23, 41, 10, 31, 24, 4, 1
2019/9/24, 31, 13, 36, 23, 11, 1
2019/9/25, 42, 22, 55, 33, 12, 2
2019/9/26, 63, 21, 35, 29, 10, 2
2019/9/27, 60, 20, 41, 27, 12, 2
2019/9/28, 59, 18, 37, 15, 13, 2
2019/9/29, 51, 24, 35, 30, 11, 2
2019/9/30, 67, 26, 51, 26, 15, 2
2019/4/1, 53, 19, 40, 13, 5, 2
2019/4/2, 62, 23, 42, 31, 5, 3
2019/4/3, 70, 29, 54, 38, 8, 3
2019/4/4, 85, 31, 46, 37, 8, 4
2019/4/5, 82, 38, 62, 34, 8, 4
2019/4/6, 92, 39, 76, 22, 9, 4
2019/4/7, 98, 27, 57, 27, 6, 3
2019/4/8, 75, 14, 46, 20, 4, 1
2019/4/9, 48, 12, 35, 23, 3, 3
2019/4/10, 39, 12, 37, 19, 3, 1
2019/4/11, 40, 16, 40, 23, 5, 2
2019/4/12, 53, 19, 45, 26, 7, 2
2019/4/13, 58, 28, 36, 24, 5, 3
2019/4/14, 79, 24, 45, 24, 5, 3
2019/4/15, 66, 26, 53, 44, 12, 3
2019/4/16, 74, 21, 45, 33, 7, 3
2019/4/17, 64, 23, 52, 37, 8, 3
2019/4/18, 70, 29, 40, 37, 12, 3
2019/4/19, 78, 21, 52, 32, 7, 3
2019/4/20, 65, 36, 46, 21, 9, 4
2019/4/21, 94, 38, 61, 31, 10, 2
2019/4/22, 99, 35, 47, 34, 6, 3
2019/4/23, 88, 25, 33, 35, 6, 2
2019/4/24, 74, 29, 33, 33, 10, 4
2019/4/25, 71, 14, 34, 24, 5, 2
2019/4/26, 42, 12, 38, 13, 3, 1
2019/4/27, 37, 16, 39, 21, 6, 2
2019/4/28, 51, 18, 36, 22, 8, 3
2019/4/29, 56, 10, 38, 15, 2, 3
2019/4/30, 28, 9, 29, 16, 3, 3
2019/5/1, 24, 21, 48, 21, 5, 3
2019/5/2, 55, 34, 65, 29, 8, 4
2019/5/3, 86, 29, 63, 24, 8, 3
2019/5/4, 75, 25, 62, 17, 8, 3
2019/5/5, 69, 23, 48, 19, 5, 3
2019/5/6, 66, 19, 42, 18, 4, 2
2019/5/7, 53, 17, 45, 34, 6, 3
2019/5/8, 56, 23, 46, 42, 11, 3
2019/5/9, 65, 32, 72, 52, 10, 3
2019/5/10, 93, 33, 84, 38, 11, 3
2019/5/11, 97, 35, 95, 26, 8, 4
2019/5/12, 97, 27, 44, 30, 10, 2
2019/5/13, 75, 23, 44, 34, 5, 2
2019/5/14, 68, 17, 50, 20, 4, 3
2019/5/15, 52, 21, 49, 33, 8, 4
2019/5/16, 64, 20, 45, 32, 8, 3
2019/5/17, 60, 17, 43, 13, 3, 3
2019/5/18, 48, 18, 43, 9, 4, 2
2019/5/19, 55, 15, 40, 23, 6, 2
2019/5/20, 48, 19, 42, 27, 7, 2
2019/5/21, 51, 22, 62, 37, 6, 3
2019/5/22, 62, 28, 68, 49, 12, 3
2019/5/23, 74, 40, 98, 61, 17, 5
2019/5/24, 97, 44, 106, 49, 17, 4
2019/5/25, 108, 53, 92, 31, 15, 4
2019/5/26, 136, 36, 53, 38, 11, 4
2019/5/27, 99, 23, 39, 37, 4, 3
2019/5/28, 58, 18, 45, 31, 7, 2
2019/5/29, 48, 24, 63, 39, 9, 2
2019/5/30, 65, 23, 42, 40, 10, 3
2019/5/31, 63, 34, 63, 34, 9, 2
2019/6/1, 87, 35, 56, 23, 9, 3
2019/6/2, 89, 18, 61, 25, 5, 2
2019/6/3, 57, 23, 52, 28, 6, 2
2019/6/4, 58, 22, 52, 32, 11, 2
2019/6/5, 60, 29, 82, 45, 11, 4
2019/6/6, 78, 31, 34, 41, 8, 5
2019/6/7, 73, 19, 46, 19, 5, 4
2019/6/8, 50, 17, 43, 12, 5, 2
2019/6/9, 52, 13, 38, 22, 4, 3
2019/6/10, 40, 19, 49, 29, 7, 2
2019/6/11, 56, 15, 35, 25, 6, 1
2019/6/12, 51, 18, 52, 27, 8, 1
2019/6/13, 55, 13, 35, 21, 5, 2
2019/6/14, 42, 10, 37, 11, 4, 2
2019/6/15, 29, 14, 47, 13, 7, 3
2019/6/16, 41, 16, 46, 31, 7, 2
2019/6/17, 48, 21, 52, 38, 8, 3
2019/6/18, 64, 36, 48, 36, 14, 4
2019/6/19, 94, 44, 78, 40, 17, 4
2019/6/20, 111, 43, 58, 35, 3, 5
2019/6/21, 100, 29, 51, 20, 7, 4
2019/6/22, 79, 21, 43, 10, 5, 2
2019/6/23, 61, 15, 50, 27, 6, 2
2019/6/24, 45, 16, 58, 30, 6, 3
2019/6/25, 54, 30, 52, 35, 11, 4
2019/6/26, 78, 28, 16, 24, 6, 3
2019/6/27, 64, 20, 29, 18, 9, 2
2019/6/28, 49, 32, 33, 22, 7, 2
2019/6/29, 77, 32, 29, 14, 3, 2
2019/6/30, 64, 21, 45, 31, 7, 2
2019/1/1, 68, 16, 13, 12, 3, 3
2019/1/2, 52, 15, 30, 17, 4, 3
2019/1/3, 54, 21, 26, 32, 5, 5
2019/1/4, 49, 32, 30, 33, 6, 6
2019/1/5, 66, 20, 32, 15, 3, 3
2019/1/6, 59, 24, 28, 40, 6, 5
2019/1/7, 69, 38, 31, 43, 8, 6
2019/1/8, 90, 16, 33, 22, 3, 3
2019/1/9, 50, 30, 13, 40, 7, 5
2019/1/10, 76, 27, 29, 33, 5, 5
2019/1/11, 69, 26, 23, 35, 3, 5
2019/1/12, 69, 30, 35, 27, 4, 4
2019/1/13, 74, 22, 29, 35, 3, 4
2019/1/14, 64, 35, 10, 45, 5, 5
2019/1/15, 90, 43, 31, 35, 4, 6
2019/1/16, 101, 24, 29, 32, 3, 4
2019/1/17, 67, 22, 29, 25, 3, 3
2019/1/18, 59, 30, 34, 41, 5, 5
2019/1/19, 77, 35, 37, 30, 4, 5
2019/1/20, 88, 21, 33, 25, 3, 4
2019/1/21, 55, 22, 29, 28, 5, 3
2019/1/22, 58, 40, 36, 42, 8, 5
2019/1/23, 91, 29, 33, 23, 4, 3
2019/1/24, 72, 30, 28, 38, 6, 4
2019/1/25, 75, 15, 34, 15, 3, 2
2019/1/26, 48, 19, 35, 16, 3, 3
2019/1/27, 49, 28, 29, 37, 5, 5
2019/1/28, 71, 22, 33, 24, 3, 3
2019/1/29, 64, 31, 23, 45, 7, 5
2019/1/30, 84, 38, 25, 41, 6, 6
2019/1/31, 97, 16, 32, 27, 4, 2
2019/2/1, 50, 27, 33, 34, 7, 5
2019/2/2, 71, 43, 23, 31, 6, 5
2019/2/3, 99, 40, 33, 28, 4, 5
2019/2/4, 93, 41, 34, 43, 7, 6
2019/2/5, 102, 37, 20, 44, 5, 5
2019/2/6, 90, 56, 8, 39, 13, 7
2019/2/7, 134, 15, 31, 21, 4, 2
2019/2/8, 45, 24, 30, 24, 4, 4
2019/2/9, 58, 17, 38, 11, 2, 3
2019/2/10, 37, 28, 30, 23, 3, 4
2019/2/11, 51, 17, 32, 30, 5, 4
2019/2/12, 50, 22, 33, 38, 4, 5
2019/2/13, 67, 12, 33, 25, 4, 4
2019/2/14, 54, 18, 22, 42, 5, 5
2019/2/15, 66, 36, 38, 34, 9, 6
2019/2/16, 89, 32, 41, 15, 3, 4
2019/2/17, 84, 40, 27, 50, 5, 6
2019/2/18, 97, 36, 14, 45, 4, 5
2019/2/19, 76, 45, 30, 32, 5, 6
2019/2/20, 77, 37, 36, 24, 4, 3
2019/2/21, 76, 42, 39, 31, 7, 4
2019/2/22, 107, 23, 42, 18, 4, 3
2019/2/23, 73, 22, 42, 27, 6, 3
2019/2/24, 81, 29, 36, 35, 7, 4
2019/2/25, 96, 23, 44, 25, 4, 3
2019/2/26, 76, 14, 34, 36, 4, 3
2019/2/27, 64, 20, 32, 33, 3, 3
2019/2/28, 74, 23, 43, 33, 4, 3
2019/3/1, 73, 36, 45, 28, 6, 4
2019/3/2, 92, 31, 37, 17, 5, 4
2019/3/3, 81, 22, 42, 25, 4, 3
2019/3/4, 61, 44, 44, 44, 8, 5
2019/3/5, 105, 37, 31, 41, 5, 4
2019/3/6, 91, 25, 47, 29, 4, 3
2019/3/7, 68, 17, 39, 24, 4, 2
2019/3/8, 53, 22, 40, 35, 5, 3
2019/3/9, 67, 21, 35, 22, 3, 3
2019/3/10, 52, 14, 39, 28, 2, 2
2019/3/11, 38, 37, 48, 37, 7, 5
2019/3/12, 83, 23, 42, 25, 4, 2
2019/3/13, 61, 22, 35, 30, 6, 4
2019/3/14, 62, 28, 43, 38, 4, 5
2019/3/15, 77, 19, 40, 25, 3, 3
2019/3/16, 58, 23, 40, 21, 4, 3
2019/3/17, 62, 25, 36, 43, 6, 4
2019/3/18, 67, 24, 32, 45, 8, 5
2019/3/19, 67, 35, 39, 53, 12, 5
2019/3/20, 91, 40, 41, 41, 8, 4
2019/3/21, 89, 42, 41, 23, 5, 3
2019/3/22, 97, 21, 43, 19, 4, 2
2019/3/23, 63, 18, 43, 20, 5, 3
2019/3/24, 59, 25, 34, 43, 7, 4
2019/3/25, 70, 35, 53, 39, 8, 5
2019/3/26, 87, 41, 64, 41, 9, 4
2019/3/27, 97, 26, 49, 29, 8, 3
2019/3/28, 68, 26, 47, 31, 7, 3
2019/3/29, 71, 35, 37, 39, 8, 4
2019/3/30, 91, 24, 49, 15, 5, 3
2019/3/31, 68, 15, 44, 13, 5, 2
2018/10/1, 55, 24, 40, 36, 12, 3
2018/10/2, 60, 21, 45, 33, 13, 3
2018/10/3, 59, 31, 28, 29, 7, 3
2018/10/4, 65, 35, 28, 22, 10, 3
2018/10/5, 59, 22, 25, 18, 12, 2
2018/10/6, 54, 42, 37, 13, 9, 3
2018/10/7, 52, 16, 41, 18, 11, 2
2018/10/8, 48, 77, 47, 33, 13, 2
2018/10/9, 60, 38, 18, 36, 8, 3
2018/10/10, 77, 97, 31, 39, 6, 3
2018/10/11, 66, 34, 30, 21, 5, 2
2018/10/12, 47, 27, 34, 21, 7, 2
2018/10/13, 54, 22, 39, 16, 8, 2
2018/10/14, 54, 25, 34, 37, 9, 3
2018/10/15, 60, 25, 37, 27, 8, 4
2018/10/16, 69, 21, 38, 29, 8, 4
2018/10/17, 58, 59, 33, 39, 14, 4
2018/10/18, 60, 44, 43, 38, 13, 5
2018/10/19, 71, 56, 32, 20, 8, 3
2018/10/20, 47, 49, 37, 18, 10, 2
2018/10/21, 55, 125, 39, 36, 13, 2
2018/10/22, 68, 71, 23, 35, 10, 2
2018/10/23, 67, 62, 40, 26, 11, 2
2018/10/24, 75, 35, 33, 30, 11, 2
2018/10/25, 79, 76, 40, 39, 13, 3
2018/10/26, 72, 26, 35, 20, 9, 2
2018/10/27, 60, 46, 36, 20, 8, 3
2018/10/28, 58, 27, 36, 36, 11, 4
2018/10/29, 60, 22, 35, 31, 9, 3
2018/10/30, 54, 20, 26, 26, 7, 2
2018/10/31, 49, 54, 25, 26, 5, 2
2018/11/1, 48, 58, 27, 29, 7, 2
2018/11/2, 56, 18, 37, 24, 8, 2
2018/11/3, 59, 20, 33, 16, 7, 1
2018/11/4, 59, 22, 31, 38, 10, 3
2018/11/5, 64, 18, 30, 25, 8, 1
2018/11/6, 56, 22, 33, 29, 8, 2
2018/11/7, 61, 28, 34, 39, 11, 3
2018/11/8, 74, 28, 26, 34, 8, 2
2018/11/9, 72, 26, 41, 24, 7, 3
2018/11/10, 67, 34, 43, 26, 9, 4
2018/11/11, 88, 43, 24, 41, 10, 5
2018/11/12, 98, 19, 30, 24, 4, 3
2018/11/13, 53, 14, 27, 24, 5, 2
2018/11/14, 43, 15, 25, 27, 5, 2
2018/11/15, 51, 22, 24, 39, 7, 3
2018/11/16, 65, 25, 30, 28, 7, 3
2018/11/17, 69, 20, 32, 24, 7, 3
2018/11/18, 61, 37, 26, 30, 6, 3
2018/11/19, 61, 106, 30, 30, 4, 2
2018/11/20, 68, 81, 24, 42, 7, 4
2018/11/21, 85, 27, 29, 34, 4, 3
2018/11/22, 72, 13, 27, 18, 3, 2
2018/11/23, 45, 17, 26, 29, 4, 3
2018/11/24, 54, 28, 26, 31, 6, 3
2018/11/25, 72, 43, 23, 43, 6, 4
2018/11/26, 99, 47, 21, 47, 8, 5
2018/11/27, 107, 47, 29, 41, 6, 5
2018/11/28, 106, 37, 32, 30, 4, 2
2018/11/29, 80, 47, 26, 42, 8, 4
2018/11/30, 91, 49, 32, 33, 7, 4
2018/12/1, 95, 35, 31, 23, 4, 4
2018/12/2, 84, 35, 14, 34, 4, 4
2018/12/3, 80, 35, 19, 37, 7, 3
2018/12/4, 75, 22, 28, 23, 6, 2
2018/12/5, 61, 28, 18, 30, 5, 3
2018/12/6, 65, 23, 26, 26, 4, 3
2018/12/7, 60, 13, 27, 16, 2, 2
2018/12/8, 41, 14, 25, 12, 2, 2
2018/12/9, 44, 16, 19, 30, 2, 2
2018/12/10, 49, 23, 12, 36, 2, 3
2018/12/11, 66, 22, 26, 28, 4, 3
2018/12/12, 61, 18, 28, 34, 4, 3
2018/12/13, 59, 20, 27, 24, 2, 3
2018/12/14, 59, 21, 28, 27, 3, 3
2018/12/15, 63, 26, 17, 27, 4, 3
2018/12/16, 72, 29, 28, 29, 4, 4
2018/12/17, 74, 26, 27, 28, 5, 4
2018/12/18, 67, 29, 29, 35, 7, 4
2018/12/19, 67, 54, 6, 52, 12, 8
2018/12/20, 123, 47, 22, 40, 5, 4
2018/12/21, 115, 40, 20, 36, 4, 4
2018/12/22, 87, 40, 31, 30, 7, 4
2018/12/23, 89, 17, 30, 15, 3, 2
2018/12/24, 51, 25, 16, 40, 6, 5
2018/12/25, 71, 34, 19, 42, 8, 5
2018/12/26, 87, 18, 30, 27, 5, 3
2018/12/27, 53, 15, 27, 18, 2, 1
2018/12/28, 42, 13, 28, 15, 3, 2
2018/12/29, 41, 19, 27, 14, 2, 2
2018/12/30, 52, , , , , 
2018/7/1, 62, 28, 20, 16, 11, 2
2018/7/2, 62, 20, 18, 18, 10, 1
2018/7/3, 53, 23, 17, 14, 5, 1
2018/7/4, 47, 25, 15, 16, 2, 2
2018/7/5, 59, 20, 17, 25, 4, 3
2018/7/6, 44, 20, 7, 18, 5, 3
2018/7/7, 49, 19, 25, 16, 9, 2
2018/7/8, 63, 22, 25, 19, 14, 2
2018/7/9, 60, 26, 24, 22, 18, 2
2018/7/10, 67, 75, 40, 32, 19, 4
2018/7/11, 78, 38, 35, 35, 18, 4
2018/7/12, 81, 49, 77, 40, 22, 4
2018/7/13, 103, 41, 101, 27, 21, 4
2018/7/14, 88, 49, 100, 21, 22, 3
2018/7/15, 106, 56, 103, 19, 24, 2
2018/7/16, 124, 92, 48, 29, 23, 2
2018/7/17, 116, 48, 81, 34, 30, 3
2018/7/18, 114, 52, 84, 33, 29, 2
2018/7/19, 121, 36, 46, 20, 23, 2
2018/7/20, 79, 23, 19, 14, 24, 2
2018/7/21, 57, 38, 20, 11, 24, 2
2018/7/22, 51, 33, 61, 29, 28, 3
2018/7/23, 75, 45, 59, 25, 26, 2
2018/7/24, 76, 45, 95, 32, 25, 2
2018/7/25, 93, 47, 67, 29, 25, 3
2018/7/26, 98, 80, 41, 27, 20, 2
2018/7/27, 71, 45, 37, 19, 15, 2
2018/7/28, 71, 78, 30, 10, 13, 1
2018/7/29, 62, 25, 24, 14, 15, 1
2018/7/30, 53, 23, 30, 17, 20, 1
2018/7/31, 59, 51, 28, 22, 20, 2
2018/8/1, 75, 47, 29, 22, 20, 3
2018/8/2, 79, 43, 84, 29, 24, 4
2018/8/3, 90, 25, 77, 29, 27, 3
2018/8/4, 69, 104, 76, 21, 28, 3
2018/8/5, 92, 77, 52, 27, 23, 3
2018/8/6, 86, 32, 43, 22, 16, 2
2018/8/7, 58, 61, 31, 19, 12, 2
2018/8/8, 56, 34, 20, 16, 13, 2
2018/8/9, 45, 110, 46, 26, 18, 2
2018/8/10, 55, 87, 47, 18, 22, 3
2018/8/11, 98, 78, 20, 14, 21, 2
2018/8/12, 57, 39, 17, 11, 19, 2
2018/8/13, 56, 57, 33, 16, 22, 2
2018/8/14, 63, 20, 23, 12, 17, 1
2018/8/15, 49, 25, 20, 11, 13, 1
2018/8/16, 49, 58, 27, 14, 9, 1
2018/8/17, 49, 25, 44, 22, 16, 1
2018/8/18, 50, 38, 44, 10, 18, 1
2018/8/19, 59, 17, 36, 17, 17, 2
2018/8/20, 49, 22, 24, 19, 20, 2
2018/8/21, 51, 17, 16, 12, 20, 2
2018/8/22, 50, 60, 11, 7, 13, 1
2018/8/23, 46, 30, 16, 14, 11, 2
2018/8/24, 57, 32, 17, 14, 14, 3
2018/8/25, 58, 43, 19, 11, 16, 2
2018/8/26, 58, 45, 30, 21, 21, 2
2018/8/27, 64, 65, 47, 32, 22, 3
2018/8/28, 83, 42, 29, 22, 22, 2
2018/8/29, 88, 42, 20, 16, 18, 2
2018/8/30, 58, 31, 28, 17, 17, 2
2018/8/31, 65, 25, 27, 19, 12, 2
2018/9/1, 61, 21, 44, 14, 15, 3
2018/9/2, 57, 25, 27, 22, 19, 2
2018/9/3, 59, 22, 19, 9, 9, 1
2018/9/4, 50, 28, 47, 21, 14, 3
2018/9/5, 70, 32, 43, 30, 17, 4
2018/9/6, 82, 25, 14, 16, 10, 1
2018/9/7, 67, 20, 39, 30, 8, 2
2018/9/8, 55, 22, 15, 20, 10, 2
2018/9/9, 59, 15, 33, 24, 7, 2
2018/9/10, 37, 14, 38, 28, 10, 1
2018/9/11, 41, 18, 28, 27, 7, 2
2018/9/12, 55, 25, 31, 28, 7, 3
2018/9/13, 63, 19, 25, 27, 7, 3
2018/9/14, 56, 23, 20, 30, 11, 3
2018/9/15, 60, 26, 36, 19, 17, 5
2018/9/16, 69, 23, 28, 21, 12, 3
2018/9/17, 62, 26, 47, 33, 12, 3
2018/9/18, 73, 20, 42, 34, 15, 3
2018/9/19, 60, 22, 22, 35, 8, 3
2018/9/20, 59, 17, 20, 35, 9, 3
2018/9/21, 46, 23, 33, 26, 10, 2
2018/9/22, 58, 21, 41, 20, 12, 3
2018/9/23, 60, 34, 45, 27, 14, 4
2018/9/24, 80, 25, 33, 31, 8, 3
2018/9/25, 68, 19, 29, 29, 10, 2
2018/9/26, 56, 19, 32, 33, 8, 3
2018/9/27, 50, 20, 41, 33, 12, 3
2018/9/28, 54, 30, 29, 22, 6, 1
2018/9/29, 47, 26, 32, 8, 6, 2
2018/9/30, 30, 59, 39, 21, 7, 3
2018/4/1, 79, 40, 40, 44, 14, 3
2018/4/2, 96, 45, 38, 44, 16, 4
2018/4/3, 111, 42, 36, 34, 16, 3
2018/4/4, 104, 19, 38, 31, 12, 3
2018/4/5, 55, 31, 30, 37, 8, 3
2018/4/6, 72, 35, 38, 17, 5, 4
2018/4/7, 78, 23, 44, 15, 6, 3
2018/4/8, 67, 29, 44, 45, 9, 4
2018/4/9, 76, 40, 52, 42, 9, 3
2018/4/10, 103, 35, 35, 40, 11, 3
2018/4/11, 72, 37, 40, 42, 13, 3
2018/4/12, 84, 21, 43, 23, 5, 2
2018/4/13, 63, 24, 42, 29, 6, 4
2018/4/14, 73, 19, 38, 17, 4, 3
2018/4/15, 49, 55, 38, 23, 4, 2
2018/4/16, 106, 46, 31, 27, 4, 2
2018/4/17, 93, 39, 39, 36, 9, 3
2018/4/18, 87, 40, 47, 42, 8, 3
2018/4/19, 86, 47, 61, 58, 15, 4
2018/4/20, 109, 43, 57, 41, 12, 4
2018/4/21, 109, 42, 61, 28, 11, 4
2018/4/22, 103, 36, 48, 36, 10, 3
2018/4/23, 116, 24, 28, 38, 7, 2
2018/4/24, 65, 18, 40, 24, 4, 2
2018/4/25, 50, 18, 44, 36, 11, 3
2018/4/26, 55, 26, 45, 42, 10, 3
2018/4/27, 73, 40, 75, 41, 12, 4
2018/4/28, 110, 34, 83, 27, 10, 4
2018/4/29, 93, 28, 62, 24, 9, 2
2018/4/30, 84, 42, 60, 41, 13, 3
2018/5/1, 117, 40, 31, 41, 9, 4
2018/5/2, 97, 28, 48, 22, 6, 4
2018/5/3, 65, 22, 54, 17, 7, 3
2018/5/4, 64, 23, 59, 21, 8, 3
2018/5/5, 68, 26, 53, 27, 8, 3
2018/5/6, 75, 23, 29, 33, 4, 3
2018/5/7, 57, 13, 40, 23, 4, 2
2018/5/8, 41, 17, 39, 23, 4, 2
2018/5/9, 52, 17, 38, 29, 5, 2
2018/5/10, 55, 19, 46, 38, 7, 2
2018/5/11, 63, 25, 49, 32, 9, 2
2018/5/12, 70, 20, 33, 24, 5, 3
2018/5/13, 59, 31, 47, 39, 9, 4
2018/5/14, 74, 25, 52, 40, 10, 2
2018/5/15, 80, 34, 53, 40, 14, 3
2018/5/16, 86, 50, 37, 33, 12, 3
2018/5/17, 121, 56, 27, 31, 14, 4
2018/5/18, 130, 16, 38, 13, 4, 2
2018/5/19, 48, 13, 43, 8, 5, 1
2018/5/20, 44, 18, 42, 27, 7, 1
2018/5/21, 57, 21, 44, 33, 11, 2
2018/5/22, 64, 17, 32, 26, 3, 2
2018/5/23, 49, 19, 48, 37, 9, 2
2018/5/24, 54, 31, 54, 47, 13, 3
2018/5/25, 79, 35, 46, 46, 18, 3
2018/5/26, 87, 35, 67, 29, 16, 3
2018/5/27, 89, 26, 44, 39, 14, 2
2018/5/28, 69, 28, 40, 37, 11, 1
2018/5/29, 70, 27, 33, 31, 6, 2
2018/5/30, 69, 34, 28, 39, 8, 3
2018/5/31, 80, 20, 46, 27, 5, 1
2018/6/1, 63, 21, 63, 29, 10, 2
2018/6/2, 70, 25, 64, 17, 8, 4
2018/6/3, 71, 24, 63, 34, 9, 3
2018/6/4, 71, 25, 56, 35, 10, 3
2018/6/5, 71, 16, 31, 29, 4, 2
2018/6/6, 42, 19, 57, 34, 7, 3
2018/6/7, 58, 42, 32, 39, 11, 5
2018/6/8, 93, 31, 60, 19, 7, 3
2018/6/9, 83, 20, 39, 9, 4, 1
2018/6/10, 59, 13, 29, 18, 4, 2
2018/6/11, 44, 29, 33, 25, 6, 2
2018/6/12, 42, 13, 39, 20, 6, 1
2018/6/13, 41, 57, 44, 35, 10, 2
2018/6/14, 58, 55, 29, 23, 3, 2
2018/6/15, 61, 13, 37, 15, 5, 1
2018/6/16, 48, 16, 50, 14, 7, 2
2018/6/17, 54, 12, 32, 16, 5, 2
2018/6/18, 40, 23, 26, 39, 15, 3
2018/6/19, 65, 20, 19, 34, 4, 3
2018/6/20, 48, 31, 34, 38, 9, 3
2018/6/21, 75, 37, 56, 44, 12, 4
2018/6/22, 96, 27, 38, 27, 5, 3
2018/6/23, 78, 26, 59, 18, 7, 3
2018/6/24, 73, 39, 66, 37, 14, 4
2018/6/25, 105, 37, 36, 30, 15, 4
2018/6/26, 85, 27, 12, 13, 8, 4
2018/6/27, 62, 30, 13, 15, 12, 3
2018/6/28, 65, 19, 8, 14, 11, 2
2018/6/29, 53, 24, 20, 17, 10, 3
2018/6/30, 60, 26, 20, 13, 11, 3
2018/1/1, 58, 16, 28, 14, 4, 3
2018/1/2, 57, 21, 32, 9, 4, 2
2018/1/3, 63, 13, 23, 23, 3, 2
2018/1/4, 47, 19, 13, 35, 3, 4
2018/1/5, 58, 24, 25, 28, 4, 4
2018/1/6, 71, 15, 27, 21, 2, 3
2018/1/7, 61, 25, 13, 25, 2, 2
2018/1/8, 71, 24, 26, 26, 3, 5
2018/1/9, 80, 20, 23, 31, 5, 5
2018/1/10, 65, 12, 22, 23, 3, 3
2018/1/11, 57, 13, 24, 28, 4, 4
2018/1/12, 51, 17, 25, 28, 5, 4
2018/1/13, 57, 16, 24, 25, 3, 2
2018/1/14, 60, 34, 13, 44, 9, 4
2018/1/15, 92, 53, 8, 53, 13, 7
2018/1/16, 129, 56, 6, 41, 6, 4
2018/1/17, 124, 22, 24, 41, 7, 4
2018/1/18, 76, 41, 26, 36, 5, 4
2018/1/19, 115, 31, 22, 35, 6, 5
2018/1/20, 94, 31, 29, 27, 7, 4
2018/1/21, 86, 22, 19, 34, 3, 3
2018/1/22, 68, 29, 29, 28, 5, 4
2018/1/23, 78, 12, 28, 18, 4, 2
2018/1/24, 47, 11, 25, 25, 3, 3
2018/1/25, 47, 13, 25, 27, 4, 3
2018/1/26, 55, 16, 27, 23, 2, 3
2018/1/27, 57, 28, 17, 34, 5, 4
2018/1/28, 79, 31, 29, 32, 5, 5
2018/1/29, 87, 18, 27, 29, 4, 3
2018/1/30, 63, 24, 23, 41, 6, 5
2018/1/31, 72, 35, 10, 43, 5, 4
2018/2/1, 94, 45, 9, 46, 6, 6
2018/2/2, 113, 34, 22, 34, 4, 5
2018/2/3, 86, 16, 30, 15, 4, 4
2018/2/4, 59, 15, 26, 22, 4, 3
2018/2/5, 57, 14, 28, 23, 4, 3
2018/2/6, 57, 17, 27, 28, 5, 3
2018/2/7, 58, 19, 26, 38, 5, 3
2018/2/8, 68, 37, 21, 53, 9, 6
2018/2/9, 109, 51, 13, 44, 4, 6
2018/2/10, 138, 31, 31, 19, 4, 4
2018/2/11, 82, 21, 31, 15, 4, 3
2018/2/12, 68, 19, 28, 27, 4, 3
2018/2/13, 64, 25, 25, 43, 10, 4
2018/2/14, 77, 41, 19, 44, 14, 6
2018/2/15, 100, 29, 21, 42, 7, 4
2018/2/16, 82, 28, 33, 25, 5, 4
2018/2/17, 81, 13, 31, 13, 3, 2
2018/2/18, 52, 22, 20, 42, 9, 4
2018/2/19, 73, 31, 31, 42, 7, 3
2018/2/20, 94, 24, 30, 32, 5, 3
2018/2/21, 75, 19, 26, 35, 5, 3
2018/2/22, 66, 23, 33, 41, 6, 4
2018/2/23, 75, 41, 34, 37, 7, 4
2018/2/24, 111, 36, 37, 15, 3, 3
2018/2/25, 101, 46, 31, 37, 6, 4
2018/2/26, 117, 30, 30, 49, 8, 5
2018/2/27, 89, 37, 39, 40, 7, 4
2018/2/28, 108, 26, 40, 23, 4, 3
2018/3/1, 76, 25, 36, 34, 7, 3
2018/3/2, 85, 33, 34, 45, 9, 4
2018/3/3, 100, 30, 35, 31, 9, 4
2018/3/4, 96, 34, 32, 33, 5, 3
2018/3/5, 79, 15, 33, 17, 3, 2
2018/3/6, 52, 19, 31, 21, 3, 2
2018/3/7, 67, 14, 28, 27, 4, 2
2018/3/8, 46, 15, 32, 21, 2, 2
2018/3/9, 45, 17, 34, 19, 4, 2
2018/3/10, 58, 26, 37, 22, 5, 3
2018/3/11, 79, 35, 37, 44, 10, 5
2018/3/12, 97, 39, 36, 53, 15, 4
2018/3/13, 106, 40, 39, 54, 15, 5
2018/3/14, 113, 38, 33, 47, 13, 4
2018/3/15, 104, 17, 33, 25, 4, 3
2018/3/16, 59, 17, 35, 25, 7, 2
2018/3/17, 55, 21, 38, 25, 6, 3
2018/3/18, 66, 30, 18, 40, 5, 4
2018/3/19, 78, 14, 35, 22, 2, 1
2018/3/20, 43, 10, 34, 11, 2, 1
2018/3/21, 38, 10, 32, 25, 3, 2
2018/3/22, 38, 16, 34, 33, 6, 3
2018/3/23, 52, 21, 37, 37, 8, 3
2018/3/24, 70, 51, 67, 39, 13, 5
2018/3/25, 128, 58, 52, 62, 17, 5
2018/3/26, 149, 52, 58, 61, 14, 5
2018/3/27, 136, 55, 59, 62, 19, 4
2018/3/28, 141, 47, 51, 51, 16, 5
2018/3/29, 119, 24, 42, 20, 5, 2
2018/3/30, 71, 26, 44, 31, 11, 2
2018/3/31, 72, 31, 43, 31, 10, 3
2017/10/1, 89, 28, 21, 36, 5, 3
2017/10/2, 66, 24, 30, 26, 6, 2
2017/10/3, 64, 15, 32, 20, 6, 1
2017/10/4, 57, 17, 33, 26, 5, 2
2017/10/5, 71, 16, 29, 18, 4, 2
2017/10/6, 52, 19, 24, 31, 5, 4
2017/10/7, 61, 17, 42, 22, 7, 3
2017/10/8, 81, 26, 49, 24, 10, 3
2017/10/9, 92, 37, 43, 42, 18, 5
2017/10/10, 114, 45, 62, 40, 22, 4
2017/10/11, 133, 27, 33, 26, 12, 3
2017/10/12, 79, 13, 29, 24, 6, 2
2017/10/13, 41, 19, 20, 29, 8, 3
2017/10/14, 57, 17, 24, 19, 5, 2
2017/10/15, 53, 12, 24, 28, 3, 2
2017/10/16, 36, 25, 23, 40, 5, 5
2017/10/17, 59, 27, 29, 29, 6, 3
2017/10/18, 77, 13, 27, 21, 2, 2
2017/10/19, 45, 13, 21, 30, 5, 3
2017/10/20, 50, 15, 21, 26, 3, 2
2017/10/21, 47, 8, 32, 17, 2, 1
2017/10/22, 26, 13, 36, 20, 4, 2
2017/10/23, 47, 22, 25, 29, 6, 3
2017/10/24, 68, 18, 32, 28, 5, 3
2017/10/25, 68, 29, 36, 45, 9, 5
2017/10/26, 102, 30, 41, 38, 11, 3
2017/10/27, 101, 24, 30, 20, 5, 2
2017/10/28, 66, 12, 33, 15, 2, 2
2017/10/29, 46, 84, 34, 22, 3, 2
2017/10/30, 80, 30, 27, 38, 4, 4
2017/10/31, 99, 26, 28, 46, 9, 4
2017/11/1, 92, 43, 35, 58, 12, 7
2017/11/2, 121, 42, 36, 42, 10, 6
2017/11/3, 111, 29, 34, 27, 6, 5
2017/11/4, 93, 36, 33, 18, 6, 3
2017/11/5, 118, 38, 29, 46, 8, 5
2017/11/6, 118, 44, 29, 54, 10, 6
2017/11/7, 127, 50, 12, 46, 8, 7
2017/11/8, 123, 31, 33, 29, 5, 4
2017/11/9, 86, 29, 24, 44, 8, 6
2017/11/10, 88, 26, 30, 25, 4, 4
2017/11/11, 81, 15, 29, 15, 5, 2
2017/11/12, 61, 23, 23, 38, 6, 4
2017/11/13, 78, 34, 4, 42, 4, 6
2017/11/14, 84, 31, 31, 33, 5, 6
2017/11/15, 87, 19, 30, 32, 4, 3
2017/11/16, 62, 28, 25, 46, 8, 5
2017/11/17, 92, 25, 21, 30, 4, 4
2017/11/18, 78, 11, 29, 12, 4, 2
2017/11/19, 45, 14, 27, 30, 5, 3
2017/11/20, 51, 15, 27, 32, 3, 4
2017/11/21, 62, 25, 9, 38, 5, 4
2017/11/22, 81, 23, 30, 24, 3, 3
2017/11/23, 72, 15, 27, 27, 5, 4
2017/11/24, 51, 19, 28, 35, 7, 5
2017/11/25, 66, 37, 15, 34, 8, 5
2017/11/26, 102, 32, 29, 39, 5, 4
2017/11/27, 105, 36, 23, 51, 12, 6
2017/11/28, 108, 58, 2, 55, 9, 9
2017/11/29, 139, 38, 19, 38, 5, 6
2017/11/30, 95, 13, 26, 27, 4, 2
2017/12/1, 57, 16, 22, 33, 4, 4
2017/12/2, 66, 27, 21, 33, 6, 5
2017/12/3, 88, 37, 14, 43, 7, 6
2017/12/4, 99, 18, 25, 28, 3, 4
2017/12/5, 56, 14, 22, 30, 4, 4
2017/12/6, 58, 28, 16, 43, 7, 7
2017/12/7, 86, 34, 22, 37, 5, 6
2017/12/8, 87, 15, 24, 32, 4, 5
2017/12/9, 57, 24, 24, 30, 7, 4
2017/12/10, 79, 24, 24, 29, 4, 5
2017/12/11, 74, 11, 24, 20, 3, 3
2017/12/12, 46, 12, 23, 25, 4, 3
2017/12/13, 50, 13, 24, 27, 3, 4
2017/12/14, 52, 20, 21, 35, 4, 4
2017/12/15, 68, 29, 23, 34, 6, 6
2017/12/16, 83, 13, 29, 12, 2, 3
2017/12/17, 52, 18, 25, 36, 6, 4
2017/12/18, 70, 22, 22, 35, 7, 4
2017/12/19, 74, 28, 21, 43, 7, 6
2017/12/20, 85, 32, 19, 47, 7, 6
2017/12/21, 95, 41, 16, 49, 8, 7
2017/12/22, 111, 48, 19, 47, 9, 8
2017/12/23, 123, 50, 18, 34, 4, 5
2017/12/24, 134, 22, 26, 30, 4, 5
2017/12/25, 68, 11, 20, 20, 3, 3
2017/12/26, 43, 8, 20, 18, 3, 2
2017/12/27, 33, 9, 23, 20, 4, 3
2017/12/28, 34, 20, 25, 27, 4, 3
2017/12/29, 65, 17, 28, 20, 2, 3
2017/12/30, 63, 24, 19, 25, 4, 3
2017/12/31, 68, 15, 27, 10, 4, 2
2017/7/1, 84, 37, 36, 21, 13, 2
2017/7/2, 94, 48, 24, 22, 14, 3
2017/7/3, 122, 43, 32, 20, 11, 2
2017/7/4, 83, 34, 38, 31, 10, 3
2017/7/5, 69, 41, 57, 34, 14, 3
2017/7/6, 108, 33, 51, 35, 18, 3
2017/7/7, 94, 32, 41, 26, 23, 2
2017/7/8, 92, 33, 52, 24, 15, 3
2017/7/9, 85, 33, 31, 29, 14, 2
2017/7/10, 94, 38, 34, 24, 16, 2
2017/7/11, 102, 38, 29, 24, 17, 2
2017/7/12, 94, 43, 52, 30, 19, 2
2017/7/13, 113, 34, 32, 29, 18, 2
2017/7/14, 95, 34, 41, 21, 14, 2
2017/7/15, 93, 50, 53, 16, 17, 2
2017/7/16, 129, 38, 38, 21, 16, 3
2017/7/17, 95, 30, 35, 28, 14, 2
2017/7/18, 83, 32, 43, 31, 18, 3
2017/7/19, 100, 34, 56, 27, 18, 2
2017/7/20, 106, 31, 46, 28, 18, 2
2017/7/21, 94, 29, 38, 22, 16, 3
2017/7/22, 88, 25, 25, 13, 12, 2
2017/7/23, 68, 27, 25, 21, 14, 2
2017/7/24, 86, 32, 23, 24, 13, 3
2017/7/25, 79, 22, 33, 21, 12, 2
2017/7/26, 83, 29, 45, 26, 13, 2
2017/7/27, 88, 27, 26, 26, 12, 2
2017/7/28, 90, 40, 44, 22, 15, 2
2017/7/29, 99, 38, 46, 16, 11, 2
2017/7/30, 106, 39, 33, 26, 13, 2
2017/7/31, 96, 36, 42, 26, 12, 2
2017/8/1, 97, 25, 48, 19, 12, 2
2017/8/2, 96, 18, 29, 15, 11, 1
2017/8/3, 76, 23, 30, 18, 9, 2
2017/8/4, 92, 35, 39, 18, 11, 2
2017/8/5, 100, 38, 37, 15, 15, 2
2017/8/6, 105, 22, 32, 13, 4, 2
2017/8/7, 55, 28, 29, 32, 10, 4
2017/8/8, 81, 46, 57, 40, 16, 4
2017/8/9, 125, 50, 48, 36, 17, 4
2017/8/10, 124, 37, 65, 24, 11, 3
2017/8/11, 99, 22, 26, 13, 9, 2
2017/8/12, 69, 19, 31, 10, 8, 1
2017/8/13, 82, 18, 32, 16, 9, 1
2017/8/14, 70, 30, 24, 18, 7, 2
2017/8/15, 83, 20, 40, 22, 10, 2
2017/8/16, 78, 28, 37, 24, 8, 3
2017/8/17, 90, 29, 40, 28, 11, 2
2017/8/18, 91, 25, 49, 22, 11, 2
2017/8/19, 93, 28, 54, 12, 9, 2
2017/8/20, 94, 42, 41, 24, 10, 3
2017/8/21, 108, 32, 13, 20, 12, 2
2017/8/22, 84, 37, 34, 26, 12, 3
2017/8/23, 94, 44, 39, 26, 12, 2
2017/8/24, 112, 43, 30, 23, 10, 2
2017/8/25, 113, 33, 45, 27, 11, 2
2017/8/26, 92, 27, 57, 14, 10, 2
2017/8/27, 101, 38, 49, 35, 12, 3
2017/8/28, 102, 50, 45, 29, 11, 2
2017/8/29, 120, 26, 35, 22, 6, 2
2017/8/30, 83, 19, 36, 20, 6, 1
2017/8/31, 82, 19, 36, 21, 7, 1
2017/9/1, 82, 20, 32, 18, 6, 1
2017/9/2, 82, 21, 34, 10, 5, 1
2017/9/3, 82, 21, 43, 29, 7, 2
2017/9/4, 78, 32, 52, 45, 9, 3
2017/9/5, 105, 27, 26, 23, 3, 2
2017/9/6, 72, , , , , 
2017/9/11, 81, 23, 31, 33, 6, 3
2017/9/12, 62, 21, 48, 34, 8, 3
2017/9/13, 75, 22, 40, 25, 5, 1
2017/9/14, 78, 15, 29, 21, 5, 1
2017/9/15, 57, 16, 26, 19, 3, 2
2017/9/16, 54, 12, 29, 6, 3, 1
2017/9/17, 60, 17, 41, 18, 5, 2
2017/9/18, 68, 29, 52, 32, 10, 3
2017/9/19, 95, 46, 46, 39, 12, 5
2017/9/20, 107, 23, 44, 33, 8, 2
2017/9/21, 86, 25, 30, 34, 5, 3
2017/9/22, 69, 27, 39, 26, 7, 3
2017/9/23, 80, 26, 47, 24, 9, 3
2017/9/24, 87, 33, 68, 41, 12, 4
2017/9/25, 115, 33, 59, 35, 8, 3
2017/9/26, 109, 28, 30, 33, 8, 3
2017/9/27, 85, 16, 32, 25, 4, 2
2017/9/28, 45, 21, 37, 35, 7, 3
2017/9/29, 88, 22, 47, 26, 7, 2
2017/9/30, 81, 23, 45, 23, 7, 3
2017/4/1, 66, 23, 50, 19, 4, 2
2017/4/2, 75, 31, 55, 38, 9, 4
2017/4/3, 95, 37, 63, 51, 14, 3
2017/4/4, 106, 40, 56, 55, 11, 5
2017/4/5, 109, 36, 46, 52, 8, 4
2017/4/6, 93, 42, 29, 45, 9, 5
2017/4/7, 82, 42, 24, 32, 5, 4
2017/4/8, 74, 34, 61, 17, 6, 3
2017/4/9, 76, 24, 42, 24, 11, 2
2017/4/10, 69, 19, 41, 25, 9, 2
2017/4/11, 49, 28, 47, 29, 5, 3
2017/4/12, 73, 33, 55, 44, 9, 4
2017/4/13, 107, 41, 79, 55, 16, 5
2017/4/14, 120, 34, 66, 37, 13, 5
2017/4/15, 97, 32, 53, 28, 12, 4
2017/4/16, 103, 40, 57, 39, 9, 4
2017/4/17, 95, 22, 58, 34, 8, 4
2017/4/18, 64, 34, 52, 34, 9, 3
2017/4/19, 105, 34, 52, 47, 12, 4
2017/4/20, 99, 43, 49, 60, 15, 5
2017/4/21, 109, 33, 63, 19, 5, 2
2017/4/22, 100, 23, 53, 16, 6, 2
2017/4/23, 76, 26, 56, 33, 7, 2
2017/4/24, 90, 26, 50, 31, 8, 3
2017/4/25, 78, 26, 34, 38, 7, 2
2017/4/26, 66, 21, 54, 28, 6, 2
2017/4/27, 68, 27, 55, 41, 8, 3
2017/4/28, 93, 31, 66, 32, 11, 4
2017/4/29, 96, 35, 63, 25, 10, 4
2017/4/30, 110, 42, 58, 41, 12, 4
2017/5/1, 123, 24, 49, 32, 8, 2
2017/5/2, 83, 26, 48, 24, 9, 2
2017/5/3, 82, 21, 45, 13, 5, 2
2017/5/4, 80, 22, 44, 15, 6, 3
2017/5/5, 78, 32, 33, 24, 7, 3
2017/5/6, 89, 46, 59, 21, 8, 4
2017/5/7, 147, 52, 68, 45, 13, 3
2017/5/8, 139, 41, 41, 49, 11, 3
2017/5/9, 93, 26, 45, 32, 6, 3
2017/5/10, 75, 31, 52, 37, 10, 6
2017/5/11, 92, 50, 64, 59, 16, 5
2017/5/12, 135, 31, 52, 29, 5, 3
2017/5/13, 81, 43, 72, 28, 10, 5
2017/5/14, 108, 34, 44, 41, 12, 5
2017/5/15, 101, 31, 46, 39, 9, 3
2017/5/16, 89, 22, 40, 32, 8, 2
2017/5/17, 71, 21, 59, 37, 10, 2
2017/5/18, 89, 36, 70, 46, 11, 3
2017/5/19, 116, 43, 103, 43, 15, 5
2017/5/20, 133, 35, 98, 28, 14, 3
2017/5/21, 110, 30, 61, 34, 10, 2
2017/5/22, 100, 30, 58, 35, 10, 3
2017/5/23, 91, 35, 39, 41, 13, 3
2017/5/24, 89, 31, 36, 40, 8, 3
2017/5/25, 80, 31, 58, 35, 11, 3
2017/5/26, 94, 22, 45, 24, 7, 2
2017/5/27, 70, 23, 53, 18, 9, 2
2017/5/28, 80, 28, 54, 40, 10, 3
2017/5/29, 99, 49, 83, 47, 19, 4
2017/5/30, 133, 48, 43, 32, 14, 4
2017/5/31, 131, 46, 55, 40, 12, 3
2017/6/1, 126, 25, 48, 35, 8, 2
2017/6/2, 86, 20, 38, 18, 6, 1
2017/6/3, 71, 20, 42, 11, 6, 1
2017/6/4, 68, 19, 42, 27, 7, 2
2017/6/5, 75, 25, 43, 33, 9, 2
2017/6/6, 83, 25, 31, 34, 6, 3
2017/6/7, 64, 23, 41, 31, 6, 2
2017/6/8, 76, 27, 59, 40, 9, 3
2017/6/9, 97, 37, 74, 30, 13, 4
2017/6/10, 116, 26, 46, 12, 7, 1
2017/6/11, 79, 20, 36, 19, 5, 1
2017/6/12, 66, 21, 44, 29, 8, 1
2017/6/13, 87, 26, 46, 33, 16, 2
2017/6/14, 91, 31, 72, 42, 15, 4
2017/6/15, 111, 32, 68, 30, 11, 3
2017/6/16, 104, 23, 60, 21, 8, 2
2017/6/17, 92, 32, 57, 15, 9, 2
2017/6/18, 101, 40, 70, 40, 18, 2
2017/6/19, 125, 41, 43, 39, 15, 3
2017/6/20, 112, 28, 37, 29, 5, 2
2017/6/21, 62, 23, 65, 40, 9, 2
2017/6/22, 78, 39, 92, 46, 16, 4
2017/6/23, 115, 42, 70, 30, 13, 3
2017/6/24, 118, 29, 29, 19, 6, 3
2017/6/25, 70, 29, 58, 35, 11, 2
2017/6/26, 87, 31, 61, 37, 9, 3
2017/6/27, 91, 39, 77, 42, 11, 4
2017/6/28, 95, 34, 40, 42, 14, 3
2017/6/29, 83, 28, 20, 32, 10, 4
2017/6/30, 76, 34, 14, 20, 11, 2
2017/1/2, 114, 31, 34, 25, 6, 4
2017/1/3, 88, 33, 32, 28, 6, 5
2017/1/4, 96, 21, 31, 20, 3, 3
2017/1/5, 62, 19, 28, 26, 2, 3
2017/1/6, 67, 25, 19, 41, 6, 5
2017/1/7, 78, 22, 18, 21, 2, 3
2017/1/8, 61, 25, 27, 29, 4, 4
2017/1/9, 68, 25, 29, 37, 6, 5
2017/1/10, 81, 20, 28, 29, 3, 4
2017/1/11, 62, 22, 28, 28, 5, 4
2017/1/12, 66, 24, 29, 27, 5, 4
2017/1/13, 69, 21, 28, 17, 3, 3
2017/1/14, 57, 19, 27, 13, 2, 2
2017/1/15, 46, 15, 26, 26, 2, 3
2017/1/16, 44, 21, 26, 35, 3, 4
2017/1/17, 57, 25, 12, 48, 12, 6
2017/1/18, 79, 33, 29, 37, 6, 6
2017/1/19, 91, 35, 29, 38, 6, 6
2017/1/20, 99, 25, 33, 25, 3, 4
2017/1/21, 76, 27, 32, 25, 3, 4
2017/1/22, 73, 21, 30, 28, 4, 3
2017/1/23, 58, 17, 28, 31, 4, 3
2017/1/24, 54, 21, 28, 38, 4, 4
2017/1/25, 62, 28, 15, 47, 7, 5
2017/1/26, 82, 27, 17, 46, 13, 4
2017/1/27, 86, 29, 25, 38, 6, 
2017/1/28, 90, 37, 19, 31, 8, 
2017/1/29, 101, 38, 30, 29, 4, 5
2017/1/30, 107, 21, 31, 24, 3, 3
2017/1/31, 70, 30, 18, 39, 8, 5
2017/2/1, 85, 19, 28, 31, 5, 4
2017/2/2, 60, 22, 30, 32, 5, 3
2017/2/3, 72, 37, 25, 46, 7, 7
2017/2/4, 103, 39, 17, 33, 4, 5
2017/2/5, 104, 28, 36, 25, 4, 5
2017/2/6, 79, 22, 34, 25, 3, 3
2017/2/7, 65, 20, 32, 33, 4, 3
2017/2/8, 68, 26, 28, 36, 4, 4
2017/2/9, 72, 19, 33, 25, 4, 3
2017/2/10, 61, 18, 31, 18, 4, 3
2017/2/11, 60, 18, 29, 21, 4, 3
2017/2/12, 58, 24, 26, 34, 6, 4
2017/2/13, 68, 26, 29, 37, 5, 4
2017/2/14, 70, 25, 32, 45, 6, 5
2017/2/15, 78, 37, 26, 54, 8, 6
2017/2/16, 108, 55, 16, 53, 10, 7
2017/2/17, 128, 24, 34, 27, 4, 4
2017/2/18, 69, 18, 35, 18, 4, 3
2017/2/19, 57, 26, 29, 36, 5, 4
2017/2/20, 67, 22, 34, 23, 3, 3
2017/2/21, 70, 28, 26, 46, 6, 5
2017/2/22, 82, 28, 31, 31, 3, 4
2017/2/23, 65, 21, 34, 26, 3, 2
2017/2/24, 64, 26, 34, 39, 7, 5
2017/2/25, 81, 28, 38, 30, 7, 5
2017/2/26, 84, 21, 35, 22, 3, 2
2017/2/27, 65, 25, 32, 37, 7, 3
2017/2/28, 76, 26, 25, 41, 6, 3
2017/3/1, 82, 31, 37, 35, 5, 3
2017/3/2, 85, 22, 36, 29, 3, 3
2017/3/3, 102, 33, 35, 45, 9, 4
2017/3/4, 117, 35, 39, 38, 10, 5
2017/3/5, 135, 38, 32, 47, 12, 6
2017/3/6, 100, 20, 36, 26, 5, 3
2017/3/7, 88, 23, 35, 31, 5, 4
2017/3/8, 92, 31, 34, 33, 6, 4
2017/3/9, 80, 28, 41, 31, 5, 3
2017/3/10, 81, 26, 43, 26, 4, 3
2017/3/11, 75, 29, 42, 32, 7, 4
2017/3/12, 87, 34, 37, 48, 9, 4
2017/3/13, 86, 31, 47, 23, 4, 3
2017/3/14, 82, 15, 41, 20, 2, 2
2017/3/15, 45, 18, 42, 19, 3, 2
2017/3/16, 56, 23, 41, 41, 6, 3
2017/3/17, 75, 27, 36, 40, 7, 4
2017/3/18, 80, 43, 67, 40, 10, 6
2017/3/19, 118, 53, 70, 33, 9, 4
2017/3/20, 139, 27, 47, 31, 3, 3
2017/3/21, 67, 29, 47, 27, 4, 2
2017/3/22, 82, 35, 33, 51, 11, 5
2017/3/23, 96, 25, 45, 24, 3, 2
2017/3/24, 66, 26, 46, 29, 6, 2
2017/3/25, 69, 28, 39, 20, 4, 2
2017/3/26, 85, 22, 60, 26, 4, 2
2017/3/27, 66, 30, 45, 40, 6, 4
2017/3/28, 88, 38, 60, 47, 9, 4
2017/3/29, 110, 47, 57, 52, 12, 5
2017/3/30, 132, 33, 54, 30, 4, 2
2017/3/31, 81, 24, 43, 23, 4, 2
2016/10/1, 78, 50, 42, 23, 19, 3
2016/10/2, 108, 35, 18, 26, 10, 2
2016/10/3, 67, 31, 24, 30, 12, 2
2016/10/4, 78, 35, 20, 24, 11, 2
2016/10/5, 81, 25, 30, 23, 10, 2
2016/10/6, 65, 28, 34, 29, 10, 2
2016/10/7, 85, 30, 28, 26, 13, 2
2016/10/8, 77, 28, 30, 11, 6, 1
2016/10/9, 54, 23, 29, 14, 7, 1
2016/10/10, 64, 24, 22, 24, 7, 1
2016/10/11, 60, 26, 34, 25, 9, 2
2016/10/12, 79, 24, 31, 25, 6, 2
2016/10/13, 65, 23, 30, 38, 9, 3
2016/10/14, 72, 28, 45, 27, 8, 2
2016/10/15, 94, 27, 41, 15, 9, 2
2016/10/16, 87, 26, 35, 27, 10, 2
2016/10/17, 68, 25, 28, 30, 10, 2
2016/10/18, 79, 30, 33, 39, 12, 3
2016/10/19, 85, 34, 36, 28, 12, 3
2016/10/20, 95, 25, 33, 23, 7, 2
2016/10/21, 68, 34, 21, 36, 11, 4
2016/10/22, 83, 27, 32, 13, 6, 2
2016/10/23, 61, 21, 30, 24, 6, 1
2016/10/24, 67, 25, 18, 30, 6, 3
2016/10/25, 69, 31, 30, 34, 8, 4
2016/10/26, 86, 23, 33, 22, 5, 2
2016/10/27, 73, 31, 20, 33, 6, 3
2016/10/28, 79, 23, 33, 21, 6, 2
2016/10/29, 66, 27, 35, 22, 7, 3
2016/10/30, 92, 26, 17, 37, 9, 3
2016/10/31, 84, 23, 28, 29, 5, 3
2016/11/1, 69, 21, 31, 35, 5, 3
2016/11/2, 67, 25, 35, 26, 5, 4
2016/11/3, 77, 30, 29, 43, 6, 4
2016/11/4, 99, 40, 42, 40, 7, 5
2016/11/5, 116, 39, 32, 27, 6, 4
2016/11/6, 102, 30, 28, 34, 7, 4
2016/11/7, 96, 43, 19, 43, 4, 6
2016/11/8, 106, 18, 28, 19, 4, 2
2016/11/9, 55, 19, 22, 27, 3, 2
2016/11/10, 79, 29, 19, 37, 5, 4
2016/11/11, 106, 36, 33, 41, 7, 5
2016/11/12, 104, 35, 36, 32, 6, 4
2016/11/13, 105, 33, 14, 37, 5, 4
2016/11/14, 84, 33, 27, 28, 4, 4
2016/11/15, 83, 20, 30, 17, 3, 2
2016/11/16, 62, 30, 27, 36, 7, 3
2016/11/17, 89, 30, 22, 39, 4, 4
2016/11/18, 97, 40, 15, 37, 4, 6
2016/11/19, 91, 49, 22, 34, 6, 9
2016/11/20, 103, 33, 21, 33, 6, 5
2016/11/21, 82, 33, 25, 38, 5, 5
2016/11/22, 103, 16, 26, 14, 5, 2
2016/11/23, 32, 19, 23, 27, 4, 3
2016/11/24, 62, 22, 16, 37, 5, 4
2016/11/25, 74, 24, 23, 29, 3, 3
2016/11/26, 86, 22, 17, 21, 2, 3
2016/11/27, 49, 23, 28, 27, 3, 4
2016/11/28, 78, 22, 25, 28, 5, 3
2016/11/29, 86, 24, 24, 31, 5, 3
2016/11/30, 68, 34, 19, 36, 6, 6
2016/12/1, 95, 25, 28, 34, 5, 3
2016/12/2, 81, 33, 21, 44, 8, 6
2016/12/3, 102, 42, 14, 30, 3, 5
2016/12/4, 111, 33, 23, 36, 7, 5
2016/12/5, 89, 32, 28, 29, 7, 4
2016/12/6, 90, 24, 22, 36, 6, 5
2016/12/7, 75, 25, 26, 37, 4, 5
2016/12/8, 81, 37, 32, 42, 6, 6
2016/12/9, 97, 25, 29, 23, 3, 3
2016/12/10, 70, 20, 25, 18, 4, 3
2016/12/11, 72, 22, 17, 34, 7, 4
2016/12/12, 71, 22, 6, 29, 7, 3
2016/12/13, 57, 18, 27, 26, 3, 2
2016/12/14, 46, 20, 24, 30, 3, 3
2016/12/15, 62, 17, 25, 29, 3, 3
2016/12/16, 56, 28, 23, 37, 6, 6
2016/12/17, 74, 37, 26, 34, 6, 6
2016/12/18, 100, 50, 14, 56, 11, 8
2016/12/19, 122, 55, 3, 52, 8, 9
2016/12/20, 134, 49, 10, 43, 5, 6
2016/12/21, 129, 41, 18, 49, 6, 6
2016/12/22, 89, 18, 27, 17, 3, 4
2016/12/23, 49, 19, 25, 24, 3, 3
2016/12/24, 55, 17, 27, 22, 4, 3
2016/12/25, 58, 23, 11, 39, 6, 4
2016/12/26, 70, 28, 25, 34, 3, 4
2016/12/27, 61, 16, 28, 21, 2, 2
2016/12/28, 48, 22, 21, 29, 4, 4
2016/12/29, 64, 19, 26, 25, 2, 3
2016/12/30, 60, 26, 25, 28, 5, 6
2016/12/31, 79, , , , , 
2016/7/1, 109, 35, 19, 23, 15, 4
2016/7/2, 87, 40, 23, 13, 12, 4
2016/7/3, 87, 46, 28, 26, 17, 4
2016/7/4, 100, 38, 45, 29, 17, 3
2016/7/5, 87, 33, 16, 19, 13, 2
2016/7/6, 80, 38, 50, 27, 16, 3
2016/7/7, 96, 42, 29, 33, 13, 5
2016/7/8, 85, 28, 21, 22, 7, 3
2016/7/9, 62, 39, 56, 23, 15, 4
2016/7/10, 91, 50, 52, 29, 16, 4
2016/7/11, 100, 51, 30, 30, 15, 5
2016/7/12, 89, 47, 16, 25, 12, 4
2016/7/13, 80, 37, 40, 34, 13, 6
2016/7/14, 90, 31, 28, 31, 9, 5
2016/7/15, 63, 33, 42, 26, 12, 3
2016/7/16, 78, 46, 41, 22, 13, 4
2016/7/17, 92, 37, 65, 19, 13, 3
2016/7/18, 95, 36, 66, 33, 15, 3
2016/7/19, 99, 31, 61, 27, 14, 3
2016/7/20, 95, 36, 62, 35, 14, 3
2016/7/21, 89, 33, 63, 29, 14, 3
2016/7/22, 95, 32, 44, 24, 12, 3
2016/7/23, 85, 32, 41, 14, 12, 3
2016/7/24, 92, 37, 35, 30, 13, 3
2016/7/25, 79, 36, 31, 30, 10, 4
2016/7/26, 77, 34, 44, 31, 15, 4
2016/7/27, 94, 33, 45, 28, 16, 3
2016/7/28, 85, 38, 41, 26, 15, 3
2016/7/29, 84, 34, 64, 23, 17, 3
2016/7/30, 88, 39, 64, 20, 19, 4
2016/7/31, 109, 45, 69, 31, 16, 3
2016/8/1, 109, 41, 49, 31, 14, 3
2016/8/2, 100, 46, 65, 34, 18, 4
2016/8/3, 113, 50, 82, 33, 19, 4
2016/8/4, 116, 56, 92, 34, 18, 4
2016/8/5, 118, 51, 68, 28, 20, 5
2016/8/6, 105, 48, 49, 19, 19, 4
2016/8/7, 110, 42, 47, 27, 20, 4
2016/8/8, 99, 43, 51, 28, 15, 3
2016/8/9, 103, 34, 53, 29, 15, 3
2016/8/10, 86, 34, 76, 22, 18, 3
2016/8/11, 90, 40, 72, 27, 16, 3
2016/8/12, 100, 45, 63, 17, 16, 4
2016/8/13, 105, 50, 62, 16, 16, 4
2016/8/14, 104, 61, 66, 20, 17, 4
2016/8/15, 113, 54, 60, 21, 15, 3
2016/8/16, 106, 40, 40, 27, 12, 3
2016/8/17, 95, 34, 53, 26, 13, 3
2016/8/18, 90, 50, 88, 27, 15, 3
2016/8/19, 104, 37, 49, 21, 15, 3
2016/8/20, 95, 21, 30, 6, 11, 1
2016/8/21, 61, 26, 31, 19, 10, 2
2016/8/22, 79, 28, 32, 19, 12, 2
2016/8/23, 76, 38, 43, 26, 12, 3
2016/8/24, 80, 37, 44, 23, 14, 1
2016/8/25, 76, 36, 41, 23, 13, 2
2016/8/26, 84, 47, 37, 15, 7, 1
2016/8/27, 58, 25, 34, 11, 8, 2
2016/8/28, 70, 27, 25, 26, 5, 3
2016/8/29, 39, 25, 45, 26, 8, 2
2016/8/30, 66, 29, 42, 28, 12, 2
2016/8/31, 85, 40, 87, 51, 19, 4
2016/9/1, 103, 42, 63, 40, 17, 3
2016/9/2, 107, 33, 27, 15, 11, 2
2016/9/3, 85, 33, 30, 10, 10, 2
2016/9/4, 82, 30, 23, 28, 10, 3
2016/9/5, 62, 34, 48, 30, 11, 3
2016/9/6, 79, 37, 66, 33, 14, 2
2016/9/7, 88, 29, 38, 27, 7, 2
2016/9/8, 52, 29, 46, 34, 8, 2
2016/9/9, 91, 26, 43, 22, 12, 
2016/9/10, 89, 35, 80, 17, 14, 2
2016/9/11, 91, 38, 50, 27, 11, 2
2016/9/12, 89, 29, 31, 29, 7, 2
2016/9/13, 48, 29, 31, 33, 13, 2
2016/9/14, 64, 27, 32, 29, 13, 2
2016/9/15, 65, 36, 45, 38, 16, 3
2016/9/16, 88, 37, 35, 24, 17, 3
2016/9/17, 87, 30, 18, 12, 9, 3
2016/9/18, 53, 24, 22, 17, 8, 2
2016/9/19, 46, 22, 25, 21, 3, 2
2016/9/20, 34, 25, 25, 30, 8, 2
2016/9/21, 58, 24, 26, 20, 7, 2
2016/9/22, 54, 20, 31, 29, 7, 2
2016/9/23, 54, 28, 22, 28, 8, 3
2016/9/24, 67, 25, 32, 20, 14, 2
2016/9/25, 73, 33, 28, 25, 12, 2
2016/9/26, 78, 33, 29, 29, 17, 2
2016/9/27, 86, 39, 28, 29, 16, 3
2016/9/28, 75, 25, 23, 25, 9, 2
2016/9/29, 47, 30, 34, 32, 11, 2
2016/9/30, 86, 31, 34, 33, 14, 3
2016/4/1, 97, 27, 44, 29, 8, 4
2016/4/2, 75, 29, 38, 24, 9, 4
2016/4/3, 70, 27, 32, 31, 7, 4
2016/4/4, 58, 22, 37, 41, 10, 4
2016/4/5, 55, 26, 37, 50, 13, 4
2016/4/6, 83, 40, 33, 37, 8, 4
2016/4/7, 76, 24, 38, 41, 12, 4
2016/4/8, 60, 42, 45, 44, 15, 7
2016/4/9, 99, 44, 38, 40, 16, 7
2016/4/10, 98, 32, 41, 23, 7, 4
2016/4/11, 77, 32, 40, 40, 11, 4
2016/4/12, 91, 29, 32, 40, 8, 4
2016/4/13, 68, 27, 42, 35, 9, 4
2016/4/14, 63, 33, 43, 25, 7, 4
2016/4/15, 78, 29, 49, 36, 10, 4
2016/4/16, 87, 39, 53, 32, 9, 5
2016/4/17, 78, 35, 41, 38, 11, 6
2016/4/18, 72, 35, 47, 37, 9, 5
2016/4/19, 87, 31, 49, 39, 10, 4
2016/4/20, 86, 38, 32, 42, 8, 4
2016/4/21, 73, 34, 46, 42, 11, 5
2016/4/22, 79, 36, 51, 41, 14, 6
2016/4/23, 89, 56, 52, 18, 10, 5
2016/4/24, 120, 56, 49, 46, 16, 5
2016/4/25, 128, 44, 54, 41, 13, 4
2016/4/26, 99, 40, 33, 36, 10, 4
2016/4/27, 77, 29, 42, 32, 6, 3
2016/4/28, 46, 25, 46, 13, 5, 3
2016/4/29, 58, 35, 49, 31, 10, 4
2016/4/30, 80, 41, 65, 29, 16, 5
2016/5/1, 106, 41, 50, 40, 14, 4
2016/5/2, 111, 34, 41, 25, 8, 3
2016/5/3, 88, 43, 62, 14, 9, 4
2016/5/4, 91, 40, 65, 22, 13, 5
2016/5/5, 89, 33, 40, 43, 7, 4
2016/5/6, 71, 33, 44, 32, 8, 4
2016/5/7, 86, 65, 52, 22, 10, 5
2016/5/8, 145, 41, 38, 36, 5, 4
2016/5/9, 77, 35, 31, 41, 5, 5
2016/5/10, 62, 37, 34, 32, 5, 5
2016/5/11, 55, 29, 53, 49, 13, 4
2016/5/12, 98, 36, 54, 53, 15, 5
2016/5/13, 97, 36, 66, 33, 13, 4
2016/5/14, 107, 40, 65, 18, 11, 4
2016/5/15, 99, 33, 33, 31, 8, 4
2016/5/16, 78, 29, 45, 26, 6, 4
2016/5/17, 77, 35, 56, 42, 11, 4
2016/5/18, 105, 39, 76, 48, 14, 5
2016/5/19, 106, 37, 79, 43, 13, 4
2016/5/20, 101, 43, 79, 34, 12, 5
2016/5/21, 116, 42, 72, 16, 12, 4
2016/5/22, 111, 50, 70, 50, 19, 5
2016/5/23, 131, 44, 55, 46, 15, 5
2016/5/24, 116, 46, 53, 48, 17, 5
2016/5/25, 111, 40, 32, 33, 10, 3
2016/5/26, 87, 44, 70, 34, 8, 4
2016/5/27, 100, 48, 44, 38, 9, 5
2016/5/28, 110, 50, 51, 24, 9, 5
2016/5/29, 125, 27, 39, 32, 7, 3
2016/5/30, 66, 37, 61, 38, 12, 4
2016/5/31, 97, 35, 68, 30, 10, 3
2016/6/1, 92, 27, 35, 23, 8, 3
2016/6/2, 66, 31, 43, 37, 11, 3
2016/6/3, 86, 33, 44, 37, 13, 4
2016/6/4, 81, 28, 45, 13, 8, 2
2016/6/5, 58, 33, 49, 36, 10, 3
2016/6/6, 88, 30, 32, 32, 8, 3
2016/6/7, 62, 28, 47, 34, 12, 3
2016/6/8, 86, 28, 33, 32, 11, 3
2016/6/9, 77, 30, 60, 38, 14, 3
2016/6/10, 98, 41, 61, 30, 14, 3
2016/6/11, 94, 34, 34, 16, 10, 3
2016/6/12, 76, 27, 32, 24, 6, 4
2016/6/13, 54, 37, 55, 44, 12, 4
2016/6/14, 95, 34, 41, 35, 14, 4
2016/6/15, 85, 25, 20, 29, 7, 3
2016/6/16, 46, 40, 61, 42, 11, 5
2016/6/17, 91, 36, 85, 38, 16, 5
2016/6/18, 107, 42, 42, 24, 10, 6
2016/6/19, 89, 47, 39, 37, 11, 5
2016/6/20, 102, 30, 34, 33, 12, 4
2016/6/21, 75, 46, 34, 41, 15, 5
2016/6/22, 88, 38, 35, 25, 8, 5
2016/6/23, 78, 37, 26, 37, 7, 4
2016/6/24, 78, 40, 42, 27, 8, 6
2016/6/25, 70, 35, 57, 19, 10, 5
2016/6/26, 93, 44, 52, 37, 12, 4
2016/6/27, 108, 30, 34, 39, 12, 5
2016/6/28, 66, 37, 36, 48, 9, 5
2016/6/29, 82, 42, 28, 39, 15, 5
2016/6/30, 83, 49, 43, 39, 21, 4
2016/1/4, 117, 57, 27, 46, 13, 7
2016/1/5, 147, 42, 18, 43, 12, 7
2016/1/6, 102, 29, 22, 36, 7, 5
2016/1/7, 77, 27, 24, 36, 8, 6
2016/1/8, 71, 23, 27, 28, 6, 4
2016/1/9, 60, 25, 28, 24, 8, 7
2016/1/10, 68, 37, 28, 33, 11, 6
2016/1/11, 94, 20, 25, 25, 5, 4
2016/1/12, 53, 26, 22, 36, 7, 6
2016/1/13, 63, 23, 27, 31, 7, 6
2016/1/14, 62, 24, 28, 37, 7, 5
2016/1/15, 71, 30, 30, 39, 7, 5
2016/1/16, 82, 29, 29, 27, 7, 5
2016/1/17, 78, 24, 29, 24, 5, 5
2016/1/18, 52, 19, 28, 19, 4, 4
2016/1/19, 48, 20, 26, 20, 6, 4
2016/1/20, 48, 23, 23, 35, 7, 4
2016/1/21, 57, 21, 26, 28, 5, 3
2016/1/22, 56, 26, 24, 33, 8, 6
2016/1/23, 69, 25, 30, 10, 6, 5
2016/1/24, 66, 25, 27, 31, 6, 6
2016/1/25, 67, 33, 27, 42, 7, 7
2016/1/26, 86, 38, 28, 41, 12, 7
2016/1/27, 98, 45, 17, 53, 11, 8
2016/1/28, 126, 38, 14, 37, 4, 5
2016/1/29, 92, 27, 30, 25, 6, 4
2016/1/30, 43, 25, 34, 21, 8, 4
2016/1/31, 68, 42, 24, 38, 10, 6
2016/2/1, 100, 21, 27, 30, 5, 4
2016/2/2, 62, 23, 27, 36, 7, 5
2016/2/3, 68, 32, 28, 46, 11, 5
2016/2/4, 89, 43, 25, 51, 12, 8
2016/2/5, 109, 36, 31, 37, 11, 5
2016/2/6, 92, 18, 31, 13, 4, 3
2016/2/7, 44, 26, 29, 37, 9, 4
2016/2/8, 70, 30, 33, 26, 8, 4
2016/2/9, 79, 23, 28, 26, 8, 4
2016/2/10, 61, 30, 32, 36, 13, 5
2016/2/11, 83, 33, 23, 42, 9, 4
2016/2/12, 82, 40, 14, 35, 7, 4
2016/2/13, 82, 38, 33, 18, 6, 4
2016/2/14, 70, 22, 25, 21, 5, 4
2016/2/15, 54, 23, 30, 25, 6, 4
2016/2/16, 59, 23, 26, 27, 6, 4
2016/2/17, 65, 30, 26, 42, 10, 5
2016/2/18, 81, 38, 30, 52, 15, 7
2016/2/19, 94, 32, 19, 37, 8, 5
2016/2/20, 80, 27, 35, 13, 5, 4
2016/2/21, 68, 25, 29, 38, 8, 5
2016/2/22, 66, 31, 20, 44, 13, 7
2016/2/23, 82, 25, 34, 22, 6, 3
2016/2/24, 66, 19, 28, 29, 7, 4
2016/2/25, 57, 33, 33, 38, 9, 5
2016/2/26, 87, 51, 41, 40, 13, 6
2016/2/27, 134, 56, 47, 35, 12, 7
2016/2/28, 142, 38, 32, 43, 10, 6
2016/2/29, 96, 22, 33, 28, 5, 4
2016/3/1, 68, 33, 33, 45, 10, 5
2016/3/2, 95, 44, 32, 58, 16, 8
2016/3/3, 116, 47, 36, 60, 17, 7
2016/3/4, 120, 46, 41, 53, 20, 6
2016/3/5, 122, 37, 40, 32, 12, 4
2016/3/6, 89, 34, 24, 35, 9, 4
2016/3/7, 79, 44, 29, 38, 13, 6
2016/3/8, 94, 31, 36, 28, 5, 3
2016/3/9, 65, 48, 31, 25, 7, 2
2016/3/10, 63, 22, 31, 25, 5, 3
2016/3/11, 60, 24, 34, 28, 7, 4
2016/3/12, 63, 24, 35, 24, 8, 4
2016/3/13, 67, 25, 37, 30, 5, 4
2016/3/14, 57, 33, 41, 26, 5, 4
2016/3/15, 85, 32, 27, 50, 11, 6
2016/3/16, 82, 43, 30, 59, 20, 6
2016/3/17, 108, 38, 24, 60, 15, 7
2016/3/18, 96, 38, 41, 33, 8, 4
2016/3/19, 78, 36, 41, 10, 6, 4
2016/3/20, 84, 20, 36, 11, 5, 2
2016/3/21, 51, 26, 32, 42, 13, 5
2016/3/22, 70, 35, 43, 44, 12, 5
2016/3/23, 89, 24, 37, 20, 7, 2
2016/3/24, 59, 19, 32, 24, 5, 3
2016/3/25, 44, 23, 36, 29, 9, 3
2016/3/26, 59, 29, 43, 23, 8, 4
2016/3/27, 72, 34, 40, 44, 12, 5
2016/3/28, 93, 46, 57, 52, 10, 6
2016/3/29, 110, 50, 53, 61, 17, 7
2016/3/30, 125, 54, 52, 56, 15, 5
2016/3/31, 139, 41, 40, 36, 9, 5
2015/10/1, 77, 35, 33, 28, 8, 4
2015/10/2, 78, 28, 46, 32, 11, 5
2015/10/3, 81, 35, 49, 26, 11, 5
2015/10/4, 87, 25, 30, 32, 7, 3
2015/10/5, 55, 25, 33, 31, 8, 2
2015/10/6, 69, 26, 32, 27, 9, 3
2015/10/7, 65, 31, 38, 36, 10, 4
2015/10/8, 74, 50, 48, 52, 12, 6
2015/10/9, 116, 54, 36, 50, 13, 6
2015/10/10, 129, 43, 41, 20, 9, 5
2015/10/11, 95, 28, 37, 23, 9, 4
2015/10/12, 72, 26, 32, 35, 10, 5
2015/10/13, 73, 28, 33, 45, 13, 4
2015/10/14, 78, 28, 34, 41, 9, 4
2015/10/15, 82, 28, 43, 41, 10, 3
2015/10/16, 88, 29, 39, 34, 12, 3
2015/10/17, 83, 31, 44, 23, 11, 3
2015/10/18, 88, 34, 42, 47, 12, 4
2015/10/19, 94, 46, 46, 46, 12, 4
2015/10/20, 113, 54, 47, 48, 13, 5
2015/10/21, 136, 44, 37, 36, 9, 4
2015/10/22, 108, 33, 37, 49, 11, 4
2015/10/23, 92, 52, 57, 44, 13, 6
2015/10/24, 133, 48, 38, 11, 8, 3
2015/10/25, 72, 32, 34, 39, 11, 4
2015/10/26, 85, 35, 33, 40, 13, 4
2015/10/27, 90, 32, 28, 31, 8, 4
2015/10/28, 68, 31, 33, 37, 10, 4
2015/10/29, 75, 40, 37, 40, 10, 5
2015/10/30, 97, 24, 31, 25, 6, 3
2015/10/31, 59, 24, 32, 23, 7, 3
2015/11/1, 67, 35, 20, 38, 6, 5
2015/11/2, 78, 30, 31, 29, 7, 5
2015/11/3, 80, 31, 30, 41, 11, 4
2015/11/4, 87, 37, 32, 52, 13, 5
2015/11/5, 100, 40, 31, 53, 13, 5
2015/11/6, 101, 38, 30, 36, 8, 4
2015/11/7, 88, 31, 25, 22, 4, 3
2015/11/8, 60, 40, 7, 37, 7, 6
2015/11/9, 76, 21, 27, 25, 6, 3
2015/11/10, 36, 24, 28, 28, 6, 3
2015/11/11, 51, 22, 29, 32, 6, 4
2015/11/12, 60, 28, 21, 28, 5, 4
2015/11/13, 67, 20, 23, 23, 6, 3
2015/11/14, 40, 23, 27, 18, 6, 4
2015/11/15, 45, 28, 29, 40, 11, 5
2015/11/16, 68, 45, 6, 50, 8, 6
2015/11/17, 92, 28, 13, 32, 5, 5
2015/11/18, 50, 21, 26, 26, 4, 3
2015/11/19, 45, 30, 19, 39, 8, 5
2015/11/20, 74, 30, 30, 28, 7, 5
2015/11/21, 77, 33, 25, 25, 7, 5
2015/11/22, 85, 39, 15, 25, 8, 5
2015/11/23, 90, 29, 26, 25, 8, 4
2015/11/24, 65, 23, 22, 33, 6, 3
2015/11/25, 51, 29, 24, 32, 6, 5
2015/11/26, 65, 18, 27, 25, 5, 5
2015/11/27, 50, 24, 27, 32, 7, 6
2015/11/28, 66, 29, 24, 30, 8, 5
2015/11/29, 79, 40, 19, 43, 10, 8
2015/11/30, 108, 36, 25, 37, 8, 6
2015/12/1, 85, 36, 16, 43, 9, 5
2015/12/2, 90, 29, 24, 30, 5, 5
2015/12/3, 66, 24, 27, 21, 6, 5
2015/12/4, 62, 27, 27, 28, 7, 6
2015/12/5, 65, 30, 26, 25, 6, 5
2015/12/6, 69, 23, 24, 33, 7, 3
2015/12/7, 62, 26, 24, 34, 8, 5
2015/12/8, 65, 30, 19, 43, 11, 6
2015/12/9, 79, 32, 14, 37, 7, 4
2015/12/10, 80, 25, 33, 25, 4, 3
2015/12/11, 46, 27, 30, 26, 6, 5
2015/12/12, 74, 33, 26, 29, 7, 5
2015/12/13, 94, 31, 19, 43, 12, 6
2015/12/14, 82, 40, 12, 45, 14, 7
2015/12/15, 90, 35, 21, 32, 11, 6
2015/12/16, 81, 19, 24, 23, 7, 4
2015/12/17, 51, 22, 23, 30, 6, 4
2015/12/18, 54, 27, 25, 29, 6, 4
2015/12/19, 67, 31, 26, 32, 9, 5
2015/12/20, 80, 43, 8, 40, 8, 6
2015/12/21, 101, 39, 24, 42, 10, 7
2015/12/22, 94, 40, 10, 33, 6, 5
2015/12/23, 89, 37, 17, 38, 9, 6
2015/12/24, 78, 33, 25, 36, 7, 6
2015/12/25, 80, 32, 29, 28, 9, 6
2015/12/26, 77, 35, 25, 17, 7, 5
2015/12/27, 77, 27, 20, 35, 8, 5
2015/12/28, 61, 23, 26, 29, 7, 4
2015/12/29, 59, 26, 25, 34, 8, 7
2015/12/30, 70, , , , , 
2016/1/1, 75, 37, 29, 31, 8, 6
2016/1/2, 87, 51, 27, 32, 9, 7
2016/1/3, 113, 48, 30, 33, 10, 7
2015/7/1, 60, 33, 50, 37, 12, 5
2015/7/2, 86, 38, 66, 47, 12, 5
2015/7/3, 89, 42, 30, 38, 11, 5
2015/7/4, 79, 43, 43, 23, 9, 4
2015/7/5, 88, 29, 31, 34, 8, 4
2015/7/6, 67, 30, 24, 33, 7, 4
2015/7/7, 55, 34, 35, 32, 7, 4
2015/7/8, 69, 40, 51, 38, 10, 4
2015/7/9, 82, 40, 56, 34, 11, 4
2015/7/10, 83, 38, 36, 27, 12, 4
2015/7/11, 82, 35, 27, 17, 10, 4
2015/7/12, 80, 28, 18, 15, 8, 2
2015/7/13, 68, 32, 19, 15, 8, 3
2015/7/14, 64, 32, 24, 16, 9, 2
2015/7/15, 84, 25, 22, 11, 4, 1
2015/7/16, 49, 30, 21, 22, 3, 3
2015/7/17, 43, 33, 25, 24, 8, 4
2015/7/18, 85, 42, 23, 18, 12, 4
2015/7/19, 79, 27, 21, 13, 8, 3
2015/7/20, 67, 26, 17, 19, 10, 2
2015/7/21, 62, 28, 17, 22, 6, 3
2015/7/22, 44, 29, 14, 22, 8, 4
2015/7/23, 61, 28, 21, 24, 13, 4
2015/7/24, 73, 33, 14, 14, 11, 3
2015/7/25, 71, 34, 23, 11, 10, 2
2015/7/26, 70, 37, 29, 22, 9, 3
2015/7/27, 77, 53, 59, 35, 13, 4
2015/7/28, 102, 56, 57, 35, 11, 4
2015/7/29, 105, 64, 80, 44, 16, 5
2015/7/30, 130, 63, 95, 45, 14, 4
2015/7/31, 142, 71, 94, 37, 19, 5
2015/8/1, 150, 75, 84, 22, 17, 4
2015/8/2, 156, 63, 58, 33, 17, 3
2015/8/3, 145, 64, 72, 38, 18, 4
2015/8/4, 145, 64, 88, 38, 17, 4
2015/8/5, 146, 45, 36, 28, 12, 3
2015/8/6, 92, 41, 41, 31, 14, 3
2015/8/7, 119, 47, 88, 33, 11, 3
2015/8/8, 100, 55, 93, 23, 13, 4
2015/8/9, 122, 56, 79, 35, 13, 4
2015/8/10, 122, 46, 73, 36, 13, 3
2015/8/11, 106, 48, 63, 36, 14, 4
2015/8/12, 108, 41, 42, 24, 9, 3
2015/8/13, 88, 29, 45, 18, 9, 3
2015/8/14, 65, 35, 77, 19, 11, 3
2015/8/15, 97, 42, 63, 21, 11, 3
2015/8/16, 95, 29, 32, 27, 6, 3
2015/8/17, 63, 31, 84, 43, 9, 3
2015/8/18, 82, 33, 35, 39, 9, 4
2015/8/19, 71, 35, 28, 37, 8, 4
2015/8/20, 73, 38, 21, 28, 8, 4
2015/8/21, 79, 34, 37, 19, 7, 4
2015/8/22, 72, 26, 41, 13, 7, 3
2015/8/23, 70, 31, 47, 33, 10, 3
2015/8/24, 87, 27, 25, 20, 7, 2
2015/8/25, 51, 27, 43, 35, 8, 3
2015/8/26, 65, 33, 65, 41, 12, 3
2015/8/27, 83, 39, 80, 48, 13, 4
2015/8/28, 95, 43, 53, 28, 10, 4
2015/8/29, 100, 30, 27, 17, 7, 3
2015/8/30, 57, 25, 27, 35, 6, 4
2015/8/31, 58, 33, 27, 34, 8, 4
2015/9/1, 76, 36, 42, 43, 10, 4
2015/9/2, 77, 37, 23, 41, 7, 4
2015/9/3, 70, 39, 49, 39, 9, 5
2015/9/4, 96, 32, 63, 37, 11, 4
2015/9/5, 82, 38, 33, 22, 5, 3
2015/9/6, 76, 24, 31, 29, 6, 3
2015/9/7, 50, 25, 27, 34, 5, 3
2015/9/8, 46, 23, 28, 33, 6, 3
2015/9/9, 55, 28, 24, 31, 6, 4
2015/9/10, 58, 26, 36, 36, 8, 3
2015/9/11, 77, 33, 48, 35, 12, 4
2015/9/12, 90, 30, 53, 21, 11, 4
2015/9/13, 76, 21, 34, 26, 9, 3
2015/9/14, 62, 31, 51, 40, 14, 3
2015/9/15, 82, 30, 32, 33, 10, 3
2015/9/16, 70, 33, 27, 27, 7, 3
2015/9/17, 63, 44, 36, 35, 10, 3
2015/9/18, 70, 24, 32, 24, 9, 3
2015/9/19, 68, 24, 33, 14, 9, 2
2015/9/20, 68, 25, 37, 20, 10, 2
2015/9/21, 71, 27, 50, 22, 13, 3
2015/9/22, 84, 36, 46, 22, 14, 3
2015/9/23, 97, 28, 36, 24, 6, 3
2015/9/24, 56, 29, 30, 30, 7, 3
2015/9/25, 54, 23, 34, 25, 10, 3
2015/9/26, 64, 26, 35, 16, 8, 2
2015/9/27, 70, 29, 36, 33, 13, 17
2015/9/28, 86, 26, 35, 27, 9, 3
2015/9/29, 80, 23, 31, 32, 9, 3
2015/9/30, 63, 36, 20, 42, 8, 4
2015/4/1, 82, 24, 50, 34, 10, 4
2015/4/2, 72, 31, 30, 31, 6, 5
2015/4/3, 61, 27, 36, 32, 11, 5
2015/4/4, 61, 23, 26, 18, 6, 4
2015/4/5, 46, 25, 22, 28, 5, 4
2015/4/6, 48, 23, 37, 24, 5, 3
2015/4/7, 46, 25, 34, 23, 5, 3
2015/4/8, 63, 29, 34, 39, 9, 4
2015/4/9, 75, 32, 29, 33, 7, 4
2015/4/10, 67, 37, 38, 29, 7, 4
2015/4/11, 75, 27, 41, 17, 7, 3
2015/4/12, 70, 21, 37, 23, 6, 3
2015/4/13, 48, 30, 26, 38, 9, 4
2015/4/14, 51, 29, 47, 39, 11, 5
2015/4/15, 72, 52, 67, 64, 17, 6
2015/4/16, 125, 46, 40, 50, 11, 5
2015/4/17, 102, 46, 48, 35, 12, 4
2015/4/18, 97, 46, 51, 27, 10, 4
2015/4/19, 94, 45, 25, 37, 7, 5
2015/4/20, 81, 23, 41, 29, 7, 3
2015/4/21, 48, 32, 38, 44, 14, 5
2015/4/22, 85, 42, 54, 59, 18, 4
2015/4/23, 95, 41, 56, 58, 17, 6
2015/4/24, 99, 42, 65, 38, 10, 4
2015/4/25, 109, 42, 77, 26, 14, 4
2015/4/26, 105, 55, 61, 49, 17, 5
2015/4/27, 135, 51, 43, 41, 14, 4
2015/4/28, 121, 38, 41, 35, 14, 3
2015/4/29, 83, 29, 48, 38, 11, 3
2015/4/30, 93, 33, 59, 41, 11, 3
2015/5/1, 84, 39, 72, 33, 11, 4
2015/5/2, 90, 28, 38, 19, 10, 3
2015/5/3, 68, 28, 36, 21, 7, 3
2015/5/4, 61, 36, 48, 21, 11, 3
2015/5/5, 84, 37, 54, 22, 9, 3
2015/5/6, 84, 34, 53, 39, 11, 4
2015/5/7, 75, 37, 67, 46, 13, 4
2015/5/8, 91, 47, 43, 47, 15, 5
2015/5/9, 106, 39, 53, 19, 8, 3
2015/5/10, 94, 30, 45, 36, 11, 3
2015/5/11, 77, 36, 37, 39, 7, 4
2015/5/12, 69, 42, 59, 41, 14, 5
2015/5/13, 102, 48, 54, 55, 14, 5
2015/5/14, 110, 46, 30, 39, 11, 4
2015/5/15, 99, 40, 49, 32, 8, 4
2015/5/16, 89, 40, 65, 25, 12, 4
2015/5/17, 110, 38, 51, 45, 12, 5
2015/5/18, 99, 38, 39, 38, 10, 5
2015/5/19, 83, 35, 69, 38, 11, 4
2015/5/20, 100, 29, 46, 34, 11, 4
2015/5/21, 76, 28, 50, 41, 13, 4
2015/5/22, 83, 33, 50, 39, 15, 4
2015/5/23, 80, 28, 66, 22, 13, 3
2015/5/24, 79, 39, 76, 46, 19, 4
2015/5/25, 100, 41, 71, 43, 19, 5
2015/5/26, 100, 43, 90, 58, 20, 5
2015/5/27, 117, 48, 74, 48, 17, 4
2015/5/28, 119, 33, 54, 25, 9, 2
2015/5/29, 95, 42, 80, 37, 16, 4
2015/5/30, 108, 38, 55, 15, 10, 3
2015/5/31, 104, 33, 52, 37, 11, 3
2015/6/1, 92, 39, 40, 33, 12, 3
2015/6/2, 95, 32, 38, 38, 8, 4
2015/6/3, 66, 25, 40, 26, 9, 2
2015/6/4, 73, 25, 29, 33, 8, 4
2015/6/5, 54, 22, 36, 23, 6, 3
2015/6/6, 59, 24, 46, 18, 9, 3
2015/6/7, 71, 24, 31, 29, 8, 2
2015/6/8, 56, 28, 24, 35, 9, 5
2015/6/9, 55, 32, 61, 47, 11, 4
2015/6/10, 81, 42, 32, 41, 12, 4
2015/6/11, 86, 39, 61, 38, 10, 4
2015/6/12, 91, 56, 74, 39, 13, 5
2015/6/13, 137, 36, 48, 24, 13, 4
2015/6/14, 78, 38, 49, 37, 12, 4
2015/6/15, 92, 48, 34, 44, 17, 5
2015/6/16, 115, 50, 70, 43, 13, 4
2015/6/17, 117, 25, 44, 26, 6, 2
2015/6/18, 60, 23, 41, 26, 6, 4
2015/6/19, 51, 30, 57, 34, 12, 4
2015/6/20, 77, 31, 59, 19, 10, 3
2015/6/21, 83, 33, 39, 35, 10, 3
2015/6/22, 74, 43, 61, 35, 12, 4
2015/6/23, 107, 40, 60, 34, 12, 4
2015/6/24, 105, 39, 42, 33, 11, 3
2015/6/25, 98, 23, 32, 38, 6, 3
2015/6/26, 47, 28, 38, 29, 8, 6
2015/6/27, 56, 20, 38, 12, 5, 3
2015/6/28, 57, 20, 44, 28, 8, 3
2015/6/29, 60, 32, 37, 35, 9, 3
2015/6/30, 71, 31, 33, 32, 7, 3
2015/1/1, 40, 20, 29, 10, 5, 3
2015/1/2, 46, 18, 28, 20, 5, 5
2015/1/3, 46, 32, 21, 31, 9, 6
2015/1/4, 73, 45, 25, 48, 13, 9
2015/1/5, 107, 46, 20, 41, 9, 7
2015/1/6, 100, 20, 25, 26, 6, 5
2015/1/7, 49, 26, 27, 27, 6, 5
2015/1/8, 67, 25, 23, 36, 7, 5
2015/1/9, 66, 27, 27, 27, 7, 5
2015/1/10, 70, 28, 30, 21, 8, 6
2015/1/11, 66, 20, 27, 16, 5, 6
2015/1/12, 52, 24, 26, 31, 4, 5
2015/1/13, 59, 40, 11, 49, 12, 7
2015/1/14, 99, 27, 23, 34, 6, 5
2015/1/15, 63, 39, 30, 41, 8, 6
2015/1/16, 89, 36, 28, 26, 8, 7
2015/1/17, 88, 22, 28, 25, 6, 5
2015/1/18, 63, 35, 29, 34, 8, 6
2015/1/19, 83, 35, 28, 35, 8, 6
2015/1/20, 85, 45, 14, 47, 10, 7
2015/1/21, 109, 37, 13, 37, 6, 6
2015/1/22, 87, 22, 27, 30, 6, 4
2015/1/23, 52, 26, 27, 34, 8, 6
2015/1/24, 66, 45, 32, 40, 11, 9
2015/1/25, 101, 47, 12, 44, 9, 6
2015/1/26, 111, 37, 25, 33, 8, 6
2015/1/27, 79, 19, 28, 21, 6, 4
2015/1/28, 49, 24, 22, 35, 5, 5
2015/1/29, 61, 30, 12, 38, 7, 6
2015/1/30, 68, 29, 30, 22, 5, 4
2015/1/31, 60, 39, 31, 14, 3, 4
2015/2/1, 54, 25, 28, 29, 5, 4
2015/2/2, 57, 24, 28, 30, 4, 4
2015/2/3, 56, 25, 28, 36, 7, 4
2015/2/4, 69, 31, 31, 35, 7, 5
2015/2/5, 78, 19, 32, 29, 4, 4
2015/2/6, 52, 34, 32, 45, 10, 6
2015/2/7, 88, 40, 35, 29, 8, 6
2015/2/8, 97, 20, 30, 21, 4, 4
2015/2/9, 52, 28, 29, 26, 7, 5
2015/2/10, 70, 41, 40, 33, 12, 6
2015/2/11, 99, 53, 41, 47, 12, 7
2015/2/12, 113, 39, 33, 29, 5, 4
2015/2/13, 54, 31, 31, 33, 9, 5
2015/2/14, 67, 41, 38, 29, 10, 6
2015/2/15, 93, 28, 29, 46, 12, 5
2015/2/16, 69, 40, 21, 38, 7, 5
2015/2/17, 90, 31, 30, 31, 5, 4
2015/2/18, 56, 23, 31, 26, 3, 3
2015/2/19, 37, 23, 32, 28, 5, 3
2015/2/20, 54, 31, 28, 43, 9, 5
2015/2/21, 80, 39, 24, 32, 5, 5
2015/2/22, 96, 49, 17, 38, 11, 6
2015/2/23, 102, 60, 26, 46, 11, 6
2015/2/24, 136, 61, 29, 48, 11, 6
2015/2/25, 122, 47, 19, 40, 6, 5
2015/2/26, 87, 36, 30, 29, 9, 5
2015/2/27, 81, 32, 34, 28, 8, 4
2015/2/28, 78, 25, 30, 20, 4, 4
2015/3/1, 61, 35, 28, 36, 7, 5
2015/3/2, 83, 39, 21, 41, 7, 5
2015/3/3, 90, 34, 34, 30, 7, 5
2015/3/4, 79, 26, 34, 27, 6, 4
2015/3/5, 75, 30, 34, 37, 9, 4
2015/3/6, 78, 32, 23, 32, 5, 4
2015/3/7, 80, 24, 35, 18, 5, 3
2015/3/8, 62, 29, 25, 37, 6, 5
2015/3/9, 71, 22, 32, 24, 5, 5
2015/3/10, 63, 22, 34, 28, 5, 4
2015/3/11, 65, 37, 41, 35, 9, 6
2015/3/12, 91, 30, 38, 46, 10, 6
2015/3/13, 75, 37, 39, 33, 7, 5
2015/3/14, 98, 40, 29, 33, 11, 5
2015/3/15, 101, 47, 29, 42, 13, 6
2015/3/16, 115, 59, 35, 56, 17, 8
2015/3/17, 130, 57, 33, 54, 13, 7
2015/3/18, 123, 33, 29, 38, 9, 5
2015/3/19, 69, 28, 42, 26, 8, 4
2015/3/20, 74, 43, 39, 43, 15, 5
2015/3/21, 114, 51, 60, 36, 18, 7
2015/3/22, 129, 36, 36, 29, 8, 4
2015/3/23, 82, 22, 36, 28, 6, 3
2015/3/24, 60, 21, 37, 27, 4, 4
2015/3/25, 59, 29, 34, 46, 9, 5
2015/3/26, 80, 42, 42, 57, 15, 6
2015/3/27, 101, 41, 45, 49, 15, 5
2015/3/28, 103, 47, 24, 39, 7, 5
2015/3/29, 100, 54, 51, 57, 13, 7
2015/3/30, 129, 55, 43, 57, 18, 7
2015/3/31, 135, 43, 48, 37, 9, 4
2014/10/1, 82, 41, 33, 38, 8, 4
2014/10/2, 87, 39, 28, 31, 9, 3
2014/10/3, 77, 35, 38, 21, 7, 3
2014/10/4, 68, 25, 29, 12, 4, 2
2014/10/5, 56, 23, 29, 19, 4, 3
2014/10/6, 44, 29, 29, 26, 6, 3
2014/10/7, 68, 28, 42, 30, 9, 3
2014/10/8, 76, 31, 24, 32, 6, 3
2014/10/9, 68, 34, 34, 30, 7, 3
2014/10/10, 75, 37, 38, 29, 7, 3
2014/10/11, 87, 35, 36, 14, 8, 2
2014/10/12, 86, 25, 35, 10, 4, 1
2014/10/13, 47, 20, 34, 20, 5, 3
2014/10/14, 50, 25, 29, 26, 10, 3
2014/10/15, 61, 30, 38, 39, 10, 4
2014/10/16, 77, 33, 35, 36, 8, 5
2014/10/17, 80, 30, 36, 40, 8, 4
2014/10/18, 80, 32, 45, 25, 10, 4
2014/10/19, 86, 38, 30, 37, 10, 4
2014/10/20, 71, 40, 29, 37, 11, 4
2014/10/21, 79, 26, 28, 33, 7, 4
2014/10/22, 54, 24, 30, 25, 7, 3
2014/10/23, 61, 34, 25, 46, 10, 5
2014/10/24, 85, 40, 33, 42, 9, 6
2014/10/25, 92, 44, 40, 34, 11, 5
2014/10/26, 101, 38, 30, 29, 6, 4
2014/10/27, 81, 30, 32, 28, 6, 4
2014/10/28, 70, 35, 29, 38, 9, 4
2014/10/29, 83, 34, 34, 44, 9, 5
2014/10/30, 87, 43, 23, 38, 11, 4
2014/10/31, 84, 28, 22, 29, 5, 4
2014/11/1, 55, 30, 35, 21, 5, 5
2014/11/2, 64, 25, 33, 16, 6, 3
2014/11/3, 60, 26, 26, 32, 8, 3
2014/11/4, 71, 28, 23, 36, 7, 4
2014/11/5, 67, 27, 23, 31, 6, 3
2014/11/6, 62, 36, 35, 28, 8, 4
2014/11/7, 84, 33, 25, 34, 7, 4
2014/11/8, 83, 42, 16, 28, 4, 5
2014/11/9, 83, 27, 33, 28, 6, 3
2014/11/10, 66, 33, 30, 41, 10, 5
2014/11/11, 83, 46, 35, 36, 8, 5
2014/11/12, 98, 24, 31, 22, 6, 3
2014/11/13, 54, 27, 28, 28, 7, 4
2014/11/14, 60, 27, 30, 31, 9, 4
2014/11/15, 68, 33, 32, 31, 8, 5
2014/11/16, 78, 40, 26, 42, 12, 6
2014/11/17, 93, 32, 31, 32, 8, 4
2014/11/18, 74, 35, 29, 38, 8, 5
2014/11/19, 82, 33, 22, 46, 9, 6
2014/11/20, 83, 35, 24, 51, 9, 7
2014/11/21, 91, 41, 28, 51, 12, 7
2014/11/22, 101, 42, 34, 29, 8, 5
2014/11/23, 95, 37, 31, 36, 10, 5
2014/11/24, 92, 36, 23, 38, 4, 4
2014/11/25, 78, 28, 20, 35, 6, 4
2014/11/26, 60, 29, 27, 34, 6, 5
2014/11/27, 71, 36, 14, 47, 12, 5
2014/11/28, 83, 36, 27, 32, 6, 5
2014/11/29, 68, 26, 31, 29, 7, 5
2014/11/30, 65, 32, 27, 31, 5, 5
2014/12/1, 62, 23, 30, 20, 5, 3
2014/12/2, 54, 22, 25, 26, 6, 4
2014/12/3, 56, 29, 24, 35, 6, 5
2014/12/4, 66, 18, 25, 26, 6, 5
2014/12/5, 52, 20, 26, 22, 6, 4
2014/12/6, 51, 23, 27, 22, 6, 4
2014/12/7, 57, 35, 19, 42, 9, 6
2014/12/8, 86, 33, 28, 34, 8, 5
2014/12/9, 80, 31, 22, 41, 9, 5
2014/12/10, 77, 37, 15, 39, 6, 6
2014/12/11, 89, 32, 26, 32, 6, 9
2014/12/12, 79, 23, 26, 20, 6, 5
2014/12/13, 59, 21, 27, 15, 6, 4
2014/12/14, 56, 28, 22, 36, 9, 6
2014/12/15, 71, 33, 18, 33, 6, 5
2014/12/16, 77, 18, 27, 17, 4, 3
2014/12/17, 46, 20, 26, 24, 5, 4
2014/12/18, 48, 29, 20, 48, 9, 6
2014/12/19, 78, 36, 9, 36, 4, 5
2014/12/20, 72, 32, 25, 24, 6, 6
2014/12/21, 75, 19, 23, 24, 6, 4
2014/12/22, 53, 27, 22, 28, 8, 7
2014/12/23, 73, 45, 9, 44, 13, 7
2014/12/24, 111, 32, 22, 35, 8, 6
2014/12/25, 76, 20, 25, 30, 5, 5
2014/12/26, 48, 22, 24, 31, 5, 5
2014/12/27, 53, 32, 15, 30, 5, 4
2014/12/28, 85, , , , , 
2014/7/1, 115, 46, 69, 38, 13, 3
2014/7/2, 116, 43, 33, 35, 8, 4
2014/7/3, 90, 31, 47, 35, 10, 3
2014/7/4, 71, 30, 44, 29, 9, 4
2014/7/5, 67, 35, 44, 21, 7, 4
2014/7/6, 74, 35, 22, 33, 9, 4
2014/7/7, 71, 55, 19, 28, 12, 4
2014/7/8, 87, 44, 10, 21, 10, 4
2014/7/9, 69, 29, 12, 22, 4, 3
2014/7/10, 55, 44, 50, 31, 8, 5
2014/7/11, 95, 58, 92, 41, 17, 6
2014/7/12, 128, 58, 42, 27, 12, 5
2014/7/13, 105, 51, 43, 35, 11, 4
2014/7/14, 85, 49, 61, 43, 18, 6
2014/7/15, 98, 53, 26, 27, 15, 3
2014/7/16, 100, 54, 37, 28, 18, 3
2014/7/17, 112, 54, 43, 35, 17, 3
2014/7/18, 115, 56, 37, 28, 18, 4
2014/7/19, 110, 44, 53, 25, 13, 5
2014/7/20, 99, 49, 44, 22, 11, 3
2014/7/21, 101, 56, 29, 26, 14, 3
2014/7/22, 116, 53, 40, 26, 13, 3
2014/7/23, 95, 48, 45, 34, 14, 3
2014/7/24, 95, 55, 63, 35, 12, 3
2014/7/25, 102, 63, 37, 28, 17, 4
2014/7/26, 116, 58, 42, 15, 14, 3
2014/7/27, 107, 29, 55, 31, 8, 4
2014/7/28, 76, 43, 64, 35, 11, 4
2014/7/29, 101, 48, 38, 28, 10, 3
2014/7/30, 94, 39, 23, 25, 11, 3
2014/7/31, 79, 40, 39, 26, 11, 3
2014/8/1, 79, 42, 8, 21, 7, 4
2014/8/2, 63, 32, 14, 19, 6, 3
2014/8/3, 59, 26, 11, 22, 6, 3
2014/8/4, 56, 31, 10, 16, 7, 3
2014/8/5, 64, 34, 14, 16, 6, 2
2014/8/6, 58, 40, 20, 23, 9, 3
2014/8/7, 68, 31, 31, 24, 7, 2
2014/8/8, 65, 30, 21, 15, 3, 2
2014/8/9, 49, 105, 19, 10, 3, 3
2014/8/10, 56, 34, 39, 32, 11, 4
2014/8/11, 72, 43, 55, 43, 12, 4
2014/8/12, 91, 53, 40, 33, 14, 4
2014/8/13, 104, 47, 20, 21, 10, 4
2014/8/14, 84, 43, 16, 14, 6, 3
2014/8/15, 73, 46, 17, 16, 5, 4
2014/8/16, 70, 39, 34, 17, 6, 4
2014/8/17, 72, 33, 20, 21, 7, 3
2014/8/18, 70, 35, 16, 18, 8, 4
2014/8/19, 64, 29, 16, 18, 7, 3
2014/8/20, 65, 30, 15, 20, 9, 3
2014/8/21, 59, 29, 12, 20, 8, 3
2014/8/22, 56, 29, 20, 15, 7, 3
2014/8/23, 65, 28, 22, 16, 5, 2
2014/8/24, 55, 42, 29, 30, 11, 4
2014/8/25, 86, 41, 40, 28, 8, 4
2014/8/26, 87, 27, 39, 24, 6, 3
2014/8/27, 72, 28, 27, 29, 6, 3
2014/8/28, 60, 29, 38, 33, 7, 4
2014/8/29, 65, 29, 41, 25, 6, 3
2014/8/30, 76, 27, 45, 14, 6, 2
2014/8/31, 74, 27, 28, 33, 7, 3
2014/9/1, 53, 36, 60, 41, 9, 4
2014/9/2, 85, 34, 33, 28, 6, 3
2014/9/3, 77, 30, 27, 33, 6, 3
2014/9/4, 59, 40, 23, 28, 8, 4
2014/9/5, 76, 52, 35, 27, 8, 4
2014/9/6, 102, 35, 56, 19, 6, 3
2014/9/7, 82, 32, 41, 28, 10, 3
2014/9/8, 78, 35, 42, 34, 8, 4
2014/9/9, 88, 37, 55, 37, 14, 3
2014/9/10, 84, 39, 39, 31, 18, 3
2014/9/11, 79, 27, 36, 29, 18, 3
2014/9/12, 64, 23, 38, 23, 25, 2
2014/9/13, 62, 21, 39, 15, 31, 2
2014/9/14, 64, 29, 43, 23, 35, 3
2014/9/15, 70, 37, 45, 31, 41, 4
2014/9/16, 88, 30, 36, 27, 25, 3
2014/9/17, 75, 26, 29, 25, 7, 2
2014/9/18, 64, 29, 26, 32, 7, 3
2014/9/19, 66, 29, 26, 31, 9, 3
2014/9/20, 67, 29, 45, 24, 14, 3
2014/9/21, 80, 30, 40, 28, 13, 2
2014/9/22, 80, 30, 55, 26, 13, 3
2014/9/23, 86, 38, 32, 38, 12, 4
2014/9/24, 80, 39, 37, 29, 5, 4
2014/9/25, 59, 25, 42, 31, 9, 3
2014/9/26, 71, 27, 41, 27, 9, 2
2014/9/27, 76, 32, 42, 16, 7, 3
2014/9/28, 78, 44, 44, 33, 8, 4
2014/9/29, 105, 45, 39, 31, 10, 3
2014/9/30, 104, 37, 38, 32, 8, 3
2014/4/1, 94, 32, 43, 40, 11, 3
2014/4/2, 80, 30, 43, 41, 10, 3
2014/4/3, 81, 29, 38, 28, 7, 4
2014/4/4, 67, 29, 43, 25, 6, 4
2014/4/5, 69, 26, 41, 15, 5, 3
2014/4/6, 68, 29, 45, 41, 12, 4
2014/4/7, 74, 47, 48, 67, 20, 7
2014/4/8, 114, 57, 82, 62, 16, 6
2014/4/9, 138, 60, 60, 54, 17, 7
2014/4/10, 138, 32, 50, 34, 9, 3
2014/4/11, 80, 37, 46, 47, 11, 4
2014/4/12, 91, 35, 42, 37, 12, 5
2014/4/13, 84, 36, 56, 34, 10, 4
2014/4/14, 91, 34, 46, 47, 15, 5
2014/4/15, 89, 53, 53, 69, 23, 7
2014/4/16, 123, 61, 68, 60, 24, 8
2014/4/17, 150, 54, 62, 38, 10, 5
2014/4/18, 122, 37, 53, 21, 9, 3
2014/4/19, 89, 25, 36, 19, 7, 3
2014/4/20, 57, 20, 30, 28, 5, 3
2014/4/21, 52, 36, 48, 35, 10, 4
2014/4/22, 83, 39, 48, 40, 12, 4
2014/4/23, 90, 34, 62, 44, 11, 4
2014/4/24, 93, 42, 59, 49, 14, 4
2014/4/25, 94, 108, 72, 39, 13, 4
2014/4/26, 96, 34, 64, 22, 11, 4
2014/4/27, 80, 32, 42, 38, 10, 4
2014/4/28, 70, 26, 41, 20, 4, 2
2014/4/29, 56, 29, 43, 33, 10, 3
2014/4/30, 64, 63, 43, 37, 16, 5
2014/5/1, 82, 35, 59, 39, 13, 4
2014/5/2, 85, 119, 62, 31, 16, 6
2014/5/3, 111, 32, 55, 18, 9, 3
2014/5/4, 80, 40, 42, 26, 7, 4
2014/5/5, 85, 31, 50, 20, 12, 3
2014/5/6, 76, 41, 54, 42, 14, 4
2014/5/7, 100, 38, 54, 41, 13, 4
2014/5/8, 90, 37, 51, 33, 10, 4
2014/5/9, 87, 28, 53, 21, 6, 3
2014/5/10, 77, 32, 65, 21, 8, 3
2014/5/11, 84, 38, 46, 45, 9, 4
2014/5/12, 83, 34, 55, 41, 10, 5
2014/5/13, 85, 50, 43, 60, 16, 6
2014/5/14, 116, 39, 48, 38, 7, 4
2014/5/15, 84, 51, 58, 36, 13, 5
2014/5/16, 105, 33, 58, 36, 8, 4
2014/5/17, 80, 25, 67, 29, 13, 4
2014/5/18, 63, 42, 54, 47, 16, 4
2014/5/19, 98, 53, 48, 36, 9, 4
2014/5/20, 111, 26, 50, 25, 4, 3
2014/5/21, 59, 39, 47, 37, 9, 4
2014/5/22, 84, 26, 43, 25, 6, 3
2014/5/23, 59, 29, 50, 34, 8, 4
2014/5/24, 71, 33, 50, 21, 11, 3
2014/5/25, 77, 33, 36, 42, 8, 5
2014/5/26, 66, 43, 46, 43, 11, 6
2014/5/27, 86, 61, 70, 51, 16, 6
2014/5/28, 123, 53, 48, 46, 14, 4
2014/5/29, 113, 98, 52, 41, 15, 5
2014/5/30, 142, 126, 78, 39, 17, 5
2014/5/31, 148, 79, 114, 32, 22, 6
2014/6/1, 155, 64, 60, 45, 19, 5
2014/6/2, 132, 45, 37, 38, 12, 4
2014/6/3, 100, 43, 38, 31, 9, 3
2014/6/4, 92, 27, 34, 20, 6, 2
2014/6/5, 64, 30, 35, 33, 10, 3
2014/6/6, 66, 44, 34, 32, 8, 4
2014/6/7, 84, 27, 45, 22, 13, 3
2014/6/8, 70, 35, 41, 28, 11, 3
2014/6/9, 110, 37, 29, 30, 9, 3
2014/6/10, 84, 30, 16, 21, 8, 3
2014/6/11, 72, 27, 30, 29, 7, 3
2014/6/12, 60, 25, 36, 33, 8, 3
2014/6/13, 58, 39, 65, 35, 10, 4
2014/6/14, 96, 54, 68, 22, 15, 5
2014/6/15, 127, 56, 56, 45, 16, 5
2014/6/16, 127, 57, 50, 49, 17, 5
2014/6/17, 133, 40, 45, 33, 13, 4
2014/6/18, 84, 40, 58, 39, 9, 3
2014/6/19, 92, 41, 56, 38, 11, 4
2014/6/20, 90, 39, 41, 34, 12, 4
2014/6/21, 87, 31, 40, 20, 7, 3
2014/6/22, 78, 30, 43, 33, 9, 3
2014/6/23, 74, 32, 58, 34, 11, 3
2014/6/24, 80, 36, 68, 34, 9, 3
2014/6/25, 93, 53, 42, 31, 9, 4
2014/6/26, 118, 37, 32, 38, 12, 3
2014/6/27, 84, 24, 36, 24, 6, 2
2014/6/28, 55, 34, 56, 20, 7, 4
2014/6/29, 82, 49, 60, 43, 10, 4
2014/6/30, 114, 49, 68, 41, 15, 4
2014/1/1, 102, 35, 29, 16, 9, 5
2014/1/2, 77, 30, 27, 26, 8, 5
2014/1/3, 71, 32, 27, 27, 7, 6
2014/1/4, 80, 20, 28, 20, 4, 4
2014/1/5, 52, 21, 24, 33, 6, 5
2014/1/6, 63, 35, 18, 49, 10, 7
2014/1/7, 83, 41, 5, 44, 4, 6
2014/1/8, 86, 16, 27, 28, 3, 4
2014/1/9, 44, 17, 27, 34, 3, 3
2014/1/10, 47, 31, 29, 35, 7, 4
2014/1/11, 82, 42, 28, 30, 9, 6
2014/1/12, 106, 28, 30, 19, 8, 3
2014/1/13, 74, 30, 23, 42, 9, 5
2014/1/14, 74, 35, 18, 42, 7, 4
2014/1/15, 87, 30, 22, 41, 9, 5
2014/1/16, 72, 27, 25, 40, 7, 5
2014/1/17, 72, 39, 34, 37, 10, 6
2014/1/18, 103, 18, 31, 14, 4, 4
2014/1/19, 51, 40, 16, 48, 11, 7
2014/1/20, 100, 44, 26, 39, 9, 7
2014/1/21, 100, 26, 30, 32, 7, 5
2014/1/22, 79, 27, 22, 39, 9, 6
2014/1/23, 81, 30, 20, 46, 15, 8
2014/1/24, 92, 60, 13, 59, 17, 12
2014/1/25, 140, 38, 32, 21, 7, 5
2014/1/26, 86, 24, 32, 28, 7, 5
2014/1/27, 62, 39, 18, 48, 15, 7
2014/1/28, 98, 44, 26, 52, 15, 7
2014/1/29, 98, 55, 6, 54, 10, 9
2014/1/30, 119, 46, 27, 44, 12, 6
2014/1/31, 105, 41, 19, 50, 13, 7
2014/2/1, 93, 58, 24, 40, 13, 7
2014/2/2, 117, 75, 12, 50, 18, 10
2014/2/3, 137, 16, 29, 23, 5, 4
2014/2/4, 38, 16, 28, 24, 6, 3
2014/2/5, 42, 19, 26, 30, 4, 4
2014/2/6, 49, 19, 28, 28, 4, 3
2014/2/7, 59, 13, 22, 25, 2, 3
2014/2/8, 44, 6, 28, 9, 1, 2
2014/2/9, 20, 15, 30, 24, 3, 3
2014/2/10, 56, 16, 31, 15, 4, 2
2014/2/11, 47, 25, 30, 38, 5, 5
2014/2/12, 71, 16, 30, 28, 3, 4
2014/2/13, 48, 25, 27, 39, 3, 4
2014/2/14, 57, 24, 32, 29, 2, 4
2014/2/15, 48, 35, 40, 17, 7, 4
2014/2/16, 88, 46, 34, 41, 10, 6
2014/2/17, 115, 27, 35, 24, 4, 3
2014/2/18, 65, 22, 34, 22, 4, 3
2014/2/19, 63, 28, 34, 32, 5, 4
2014/2/20, 73, 30, 34, 38, 6, 5
2014/2/21, 84, 23, 34, 35, 5, 4
2014/2/22, 70, 27, 40, 28, 5, 4
2014/2/23, 79, 31, 34, 49, 9, 6
2014/2/24, 82, 61, 36, 63, 17, 8
2014/2/25, 142, 71, 38, 60, 17, 8
2014/2/26, 160, 53, 28, 47, 6, 5
2014/2/27, 97, 52, 40, 34, 7, 5
2014/2/28, 116, 54, 27, 36, 6, 5
2014/3/1, 130, 29, 38, 20, 4, 4
2014/3/2, 70, 21, 35, 22, 4, 3
2014/3/3, 50, 26, 30, 45, 9, 5
2014/3/4, 73, 34, 40, 30, 5, 5
2014/3/5, 65, 22, 38, 22, 4, 3
2014/3/6, 60, 21, 33, 34, 5, 4
2014/3/7, 63, 25, 34, 28, 6, 4
2014/3/8, 71, 31, 40, 24, 8, 4
2014/3/9, 81, 23, 38, 21, 5, 4
2014/3/10, 64, 26, 33, 37, 7, 4
2014/3/11, 68, 41, 38, 57, 15, 6
2014/3/12, 105, 46, 31, 46, 6, 6
2014/3/13, 85, 20, 37, 24, 5, 4
2014/3/14, 52, 30, 41, 33, 8, 5
2014/3/15, 82, 52, 68, 39, 15, 7
2014/3/16, 128, 66, 61, 66, 21, 7
2014/3/17, 156, 62, 36, 58, 13, 9
2014/3/18, 133, 38, 43, 34, 8, 3
2014/3/19, 90, 34, 31, 39, 5, 5
2014/3/20, 65, 19, 38, 16, 5, 4
2014/3/21, 50, 25, 35, 28, 7, 4
2014/3/22, 59, 39, 58, 35, 15, 5
2014/3/23, 100, 60, 61, 65, 23, 8
2014/3/24, 147, 52, 43, 70, 32, 8
2014/3/25, 134, 58, 9, 55, 12, 7
2014/3/26, 113, 45, 45, 37, 8, 6
2014/3/27, 92, 52, 47, 55, 14, 5
2014/3/28, 128, 44, 45, 48, 11, 6
2014/3/29, 96, 33, 47, 24, 5, 4
2014/3/30, 59, 30, 53, 25, 7, 3
2014/3/31, 72, 37, 45, 44, 13, 4
2020/9/12, , 8, 23, 11, 3, 2
2020/3/31, , 10, 39, 22, 5, 1
2019/12/31, , 12, 29, 12, 4, 2
2018/12/31, , 25, 17, 20, 3, 4
2017/9/10, , 23, 32, 35, 8, 2
2017/1/1, , 39, 23, 25, 7, 5
2015/12/31, , 28, 30, 20, 6, 5
2014/12/31, , 17, 28, 8, 5, 3
2013/12/31, , 47, 34, 23, 8, 6